[{"alpha2Code":"AD","alpha3Code":"AND","namePolish":"Andora","nameEnglish":"Andorra","nameNative":"Andorra","wikiDetailsUrl":"https://pl.wikipedia.org/wiki/Andora","capitalPolish":"Andora","capitalEnglish":"Andorra la Vella","capitalDetailsUrl":"https://pl.wikipedia.org/wiki/Andora_(miasto)","continentPolish":"Europa","continentEnglish":"Europe","wikiLocationMapUrl":"https://upload.wikimedia.org/wikipedia/commons/0/07/Andorra_location_map.svg","mapSvgLocationMapUrl":"http://mapsvg.com/maps/geo-calibrated/andorra.svg","flagUrl":"https://restcountries.eu/data/and.svg","lat":42.5,"lng":1.5,"population":78014,"area":468,"topLevelDomain":".ad","currencyCode":"EUR","currencyNameEnglish":"Euro","currencySymbol":"€"},{"alpha2Code":"AO","alpha3Code":"AGO","namePolish":"Angola","nameEnglish":"Angola","nameNative":"Angola","wikiDetailsUrl":"https://pl.wikipedia.org/wiki/Angola","capitalPolish":"Luanda","capitalEnglish":"Luanda","capitalDetailsUrl":"https://pl.wikipedia.org/wiki/Luanda","continentPolish":"Afryka","continentEnglish":"Africa","wikiLocationMapUrl":"https://upload.wikimedia.org/wikipedia/commons/0/08/Angola_location_map.svg","mapSvgLocationMapUrl":"http://mapsvg.com/maps/geo-calibrated/angola.svg","flagUrl":"https://restcountries.eu/data/ago.svg","lat":-12.5,"lng":18.5,"population":25868000,"area":1246700,"topLevelDomain":".ao","currencyCode":"AOA","currencyNameEnglish":"Angolan kwanza","currencySymbol":"Kz"},{"alpha2Code":"AR","alpha3Code":"ARG","namePolish":"Argentyna","nameEnglish":"Argentina","nameNative":"Argentina","wikiDetailsUrl":"https://pl.wikipedia.org/wiki/Argentyna","capitalPolish":"Buenos Aires","capitalEnglish":"Buenos Aires","capitalDetailsUrl":"https://pl.wikipedia.org/wiki/Buenos_Aires","continentPolish":"Ameryka Południowa","continentEnglish":"Americas","wikiLocationMapUrl":"https://upload.wikimedia.org/wikipedia/commons/d/d7/Argentina_location_map.svg","mapSvgLocationMapUrl":"http://mapsvg.com/maps/geo-calibrated/argentina.svg","flagUrl":"https://restcountries.eu/data/arg.svg","lat":-34,"lng":-64,"population":43590400,"area":2780400,"topLevelDomain":".ar","currencyCode":"ARS","currencyNameEnglish":"Argentine peso","currencySymbol":"$"},{"alpha2Code":"AM","alpha3Code":"ARM","namePolish":"Armenia","nameEnglish":"Armenia","nameNative":"Հայաստան","wikiDetailsUrl":"https://pl.wikipedia.org/wiki/Armenia","capitalPolish":"Erywań","capitalEnglish":"Yerevan","capitalDetailsUrl":"https://pl.wikipedia.org/wiki/Erywa%C5%84","continentPolish":"Azja","continentEnglish":"Asia","wikiLocationMapUrl":"https://upload.wikimedia.org/wikipedia/commons/5/56/Armenia_adm_location_map.svg","mapSvgLocationMapUrl":"http://mapsvg.com/maps/geo-calibrated/armenia.svg","flagUrl":"https://restcountries.eu/data/arm.svg","lat":40,"lng":45,"population":2994400,"area":29743,"topLevelDomain":".am","currencyCode":"AMD","currencyNameEnglish":"Armenian dram","currencySymbol":null},{"alpha2Code":"AU","alpha3Code":"AUS","namePolish":"Australia","nameEnglish":"Australia","nameNative":"Australia","wikiDetailsUrl":"https://pl.wikipedia.org/wiki/Australia","capitalPolish":"Canberra","capitalEnglish":"Canberra","capitalDetailsUrl":"https://pl.wikipedia.org/wiki/Canberra","continentPolish":"Australia i Oceania","continentEnglish":"Oceania","wikiLocationMapUrl":"https://upload.wikimedia.org/wikipedia/commons/2/2f/Australia_location_map.svg","mapSvgLocationMapUrl":"http://mapsvg.com/maps/geo-calibrated/australia.svg","flagUrl":"https://restcountries.eu/data/aus.svg","lat":-27,"lng":133,"population":24117360,"area":7692024,"topLevelDomain":".au","currencyCode":"AUD","currencyNameEnglish":"Australian dollar","currencySymbol":"$"},{"alpha2Code":"AT","alpha3Code":"AUT","namePolish":"Austria","nameEnglish":"Austria","nameNative":"Österreich","wikiDetailsUrl":"https://pl.wikipedia.org/wiki/Austria","capitalPolish":"Wiedeń","capitalEnglish":"Vienna","capitalDetailsUrl":"https://pl.wikipedia.org/wiki/Wiede%C5%84","continentPolish":"Europa","continentEnglish":"Europe","wikiLocationMapUrl":"https://upload.wikimedia.org/wikipedia/commons/6/61/Austria_location_map.svg","mapSvgLocationMapUrl":"http://mapsvg.com/maps/geo-calibrated/austria.svg","flagUrl":"https://restcountries.eu/data/aut.svg","lat":47.33333333,"lng":13.33333333,"population":8725931,"area":83871,"topLevelDomain":".at","currencyCode":"EUR","currencyNameEnglish":"Euro","currencySymbol":"€"},{"alpha2Code":"AZ","alpha3Code":"AZE","namePolish":"Azerbejdżan","nameEnglish":"Azerbaijan","nameNative":"Azərbaycan","wikiDetailsUrl":"https://pl.wikipedia.org/wiki/Azerbejd%C5%BCan","capitalPolish":"Baku","capitalEnglish":"Baku","capitalDetailsUrl":"https://pl.wikipedia.org/wiki/Baku","continentPolish":"Azja","continentEnglish":"Asia","wikiLocationMapUrl":"https://upload.wikimedia.org/wikipedia/commons/b/b2/Azerbaijan_adm_location_map.svg","mapSvgLocationMapUrl":"http://mapsvg.com/maps/geo-calibrated/azerbaijan.svg","flagUrl":"https://restcountries.eu/data/aze.svg","lat":40.5,"lng":47.5,"population":9730500,"area":86600,"topLevelDomain":".az","currencyCode":"AZN","currencyNameEnglish":"Azerbaijani manat","currencySymbol":null},{"alpha2Code":"BS","alpha3Code":"BHS","namePolish":"Bahamy","nameEnglish":"Bahamas","nameNative":"Bahamas","wikiDetailsUrl":"https://pl.wikipedia.org/wiki/Bahamy","capitalPolish":"Nassau","capitalEnglish":"Nassau","capitalDetailsUrl":"https://pl.wikipedia.org/wiki/Nassau_(Bahamy)","continentPolish":"Ameryka Północna","continentEnglish":"Americas","wikiLocationMapUrl":"https://upload.wikimedia.org/wikipedia/commons/1/1c/Bahamas_location_map.svg","mapSvgLocationMapUrl":"http://mapsvg.com/maps/geo-calibrated/bahamas.svg","flagUrl":"https://restcountries.eu/data/bhs.svg","lat":24.25,"lng":-76,"population":378040,"area":13943,"topLevelDomain":".bs","currencyCode":"BSD","currencyNameEnglish":"Bahamian dollar","currencySymbol":"$"},{"alpha2Code":"BH","alpha3Code":"BHR","namePolish":"Bahrajn","nameEnglish":"Bahrain","nameNative":"‏البحرين","wikiDetailsUrl":"https://pl.wikipedia.org/wiki/Bahrajn","capitalPolish":"Manama","capitalEnglish":"Manama","capitalDetailsUrl":"https://pl.wikipedia.org/wiki/Manama","continentPolish":"Azja","continentEnglish":"Asia","wikiLocationMapUrl":"https://upload.wikimedia.org/wikipedia/commons/1/17/Bahrain_location_map.svg","mapSvgLocationMapUrl":"http://mapsvg.com/maps/geo-calibrated/bahrain.svg","flagUrl":"https://restcountries.eu/data/bhr.svg","lat":26,"lng":50.55,"population":1404900,"area":765,"topLevelDomain":".bh","currencyCode":"BHD","currencyNameEnglish":"Bahraini dinar","currencySymbol":".د.ب"},{"alpha2Code":"BD","alpha3Code":"BGD","namePolish":"Bangladesz","nameEnglish":"Bangladesh","nameNative":"Bangladesh","wikiDetailsUrl":"https://pl.wikipedia.org/wiki/Bangladesz","capitalPolish":"Dhaka","capitalEnglish":"Dhaka","capitalDetailsUrl":"https://pl.wikipedia.org/wiki/Dhaka","continentPolish":"Azja","continentEnglish":"Asia","wikiLocationMapUrl":"https://upload.wikimedia.org/wikipedia/commons/3/3a/Bangladesh_location_map.svg","mapSvgLocationMapUrl":"http://mapsvg.com/maps/geo-calibrated/bangladesh.svg","flagUrl":"https://restcountries.eu/data/bgd.svg","lat":24,"lng":90,"population":161006790,"area":147570,"topLevelDomain":".bd","currencyCode":"BDT","currencyNameEnglish":"Bangladeshi taka","currencySymbol":"৳"},{"alpha2Code":"BY","alpha3Code":"BLR","namePolish":"Białoruś","nameEnglish":"Belarus","nameNative":"Белару́сь","wikiDetailsUrl":"https://pl.wikipedia.org/wiki/Bia%C5%82oru%C5%9B","capitalPolish":"Mińsk","capitalEnglish":"Minsk","capitalDetailsUrl":"https://pl.wikipedia.org/wiki/Mi%C5%84sk","continentPolish":"Europa","continentEnglish":"Europe","wikiLocationMapUrl":"https://upload.wikimedia.org/wikipedia/commons/1/12/Belarus_adm_location_map.svg","mapSvgLocationMapUrl":"http://mapsvg.com/maps/geo-calibrated/belarus.svg","flagUrl":"https://restcountries.eu/data/blr.svg","lat":53,"lng":28,"population":9498700,"area":207600,"topLevelDomain":".by","currencyCode":"BYN","currencyNameEnglish":"New Belarusian ruble","currencySymbol":"Br"},{"alpha2Code":"BE","alpha3Code":"BEL","namePolish":"Belgia","nameEnglish":"Belgium","nameNative":"België","wikiDetailsUrl":"https://pl.wikipedia.org/wiki/Belgia","capitalPolish":"Bruksela","capitalEnglish":"Brussels","capitalDetailsUrl":"https://pl.wikipedia.org/wiki/Bruksela","continentPolish":"Europa","continentEnglish":"Europe","wikiLocationMapUrl":"https://upload.wikimedia.org/wikipedia/commons/6/65/Belgium_location_map.svg","mapSvgLocationMapUrl":"http://mapsvg.com/maps/geo-calibrated/belgium.svg","flagUrl":"https://restcountries.eu/data/bel.svg","lat":50.83333333,"lng":4,"population":11319511,"area":30528,"topLevelDomain":".be","currencyCode":"EUR","currencyNameEnglish":"Euro","currencySymbol":"€"},{"alpha2Code":"BT","alpha3Code":"BTN","namePolish":"Bhutan","nameEnglish":"Bhutan","nameNative":"ʼbrug-yul","wikiDetailsUrl":"https://pl.wikipedia.org/wiki/Bhutan","capitalPolish":"Thimphu","capitalEnglish":"Thimphu","capitalDetailsUrl":"https://pl.wikipedia.org/wiki/Thimphu","continentPolish":"Azja","continentEnglish":"Asia","wikiLocationMapUrl":"https://upload.wikimedia.org/wikipedia/commons/e/e7/Bhutan_location_map.svg","mapSvgLocationMapUrl":"http://mapsvg.com/maps/geo-calibrated/bhutan.svg","flagUrl":"https://restcountries.eu/data/btn.svg","lat":27.5,"lng":90.5,"population":775620,"area":38394,"topLevelDomain":".bt","currencyCode":"BTN","currencyNameEnglish":"Bhutanese ngultrum","currencySymbol":"Nu."},{"alpha2Code":"BW","alpha3Code":"BWA","namePolish":"Botswana","nameEnglish":"Botswana","nameNative":"Botswana","wikiDetailsUrl":"https://pl.wikipedia.org/wiki/Botswana","capitalPolish":"Gaborone","capitalEnglish":"Gaborone","capitalDetailsUrl":"https://pl.wikipedia.org/wiki/Gaborone","continentPolish":"Afryka","continentEnglish":"Africa","wikiLocationMapUrl":"https://upload.wikimedia.org/wikipedia/commons/2/21/Botswana_location_map.svg","mapSvgLocationMapUrl":"http://mapsvg.com/maps/geo-calibrated/botswana.svg","flagUrl":"https://restcountries.eu/data/bwa.svg","lat":-22,"lng":24,"population":2141206,"area":582000,"topLevelDomain":".bw","currencyCode":"BWP","currencyNameEnglish":"Botswana pula","currencySymbol":"P"},{"alpha2Code":"BR","alpha3Code":"BRA","namePolish":"Brazylia","nameEnglish":"Brazil","nameNative":"Brasil","wikiDetailsUrl":"https://pl.wikipedia.org/wiki/Brazylia","capitalPolish":"Brasilia","capitalEnglish":"Brasília","capitalDetailsUrl":"https://pl.wikipedia.org/wiki/Bras%C3%ADlia","continentPolish":"Ameryka Południowa","continentEnglish":"Americas","wikiLocationMapUrl":"https://upload.wikimedia.org/wikipedia/commons/1/1a/Brazil_location_map.svg","mapSvgLocationMapUrl":"http://mapsvg.com/maps/geo-calibrated/brazil.svg","flagUrl":"https://restcountries.eu/data/bra.svg","lat":-10,"lng":-55,"population":206135893,"area":8515767,"topLevelDomain":".br","currencyCode":"BRL","currencyNameEnglish":"Brazilian real","currencySymbol":"R$"},{"alpha2Code":"BN","alpha3Code":"BRN","namePolish":"Brunei","nameEnglish":"Brunei Darussalam","nameNative":"Negara Brunei Darussalam","wikiDetailsUrl":"https://pl.wikipedia.org/wiki/Brunei","capitalPolish":"Bandar Seri Begawan","capitalEnglish":"Bandar Seri Begawan","capitalDetailsUrl":"https://pl.wikipedia.org/wiki/Bandar_Seri_Begawan","continentPolish":"Azja","continentEnglish":"Asia","wikiLocationMapUrl":"https://upload.wikimedia.org/wikipedia/commons/f/fc/Brunei_location_map.svg","mapSvgLocationMapUrl":"http://mapsvg.com/maps/geo-calibrated/brunei-darussalam.svg","flagUrl":"https://restcountries.eu/data/brn.svg","lat":4.5,"lng":114.66666666,"population":411900,"area":5765,"topLevelDomain":".bn","currencyCode":"BND","currencyNameEnglish":"Brunei dollar","currencySymbol":"$"},{"alpha2Code":"BG","alpha3Code":"BGR","namePolish":"Bułgaria","nameEnglish":"Bulgaria","nameNative":"България","wikiDetailsUrl":"https://pl.wikipedia.org/wiki/Bu%C5%82garia","capitalPolish":"Sofia","capitalEnglish":"Sofia","capitalDetailsUrl":"https://pl.wikipedia.org/wiki/Sofia","continentPolish":"Europa","continentEnglish":"Europe","wikiLocationMapUrl":"https://upload.wikimedia.org/wikipedia/commons/a/ae/Bulgaria_location_map.svg","mapSvgLocationMapUrl":"http://mapsvg.com/maps/geo-calibrated/bulgaria.svg","flagUrl":"https://restcountries.eu/data/bgr.svg","lat":43,"lng":25,"population":7153784,"area":110879,"topLevelDomain":".bg","currencyCode":"BGN","currencyNameEnglish":"Bulgarian lev","currencySymbol":"лв"},{"alpha2Code":"BF","alpha3Code":"BFA","namePolish":"Burkina Faso","nameEnglish":"Burkina Faso","nameNative":"Burkina Faso","wikiDetailsUrl":"https://pl.wikipedia.org/wiki/Burkina_Faso","capitalPolish":"Wagadugu","capitalEnglish":"Ouagadougou","capitalDetailsUrl":"https://pl.wikipedia.org/wiki/Wagadugu","continentPolish":"Afryka","continentEnglish":"Africa","wikiLocationMapUrl":"https://upload.wikimedia.org/wikipedia/commons/d/dc/Burkina_Faso_location_map.svg","mapSvgLocationMapUrl":"http://mapsvg.com/maps/geo-calibrated/burkina-faso.svg","flagUrl":"https://restcountries.eu/data/bfa.svg","lat":13,"lng":-2,"population":19034397,"area":272967,"topLevelDomain":".bf","currencyCode":"XOF","currencyNameEnglish":"West African CFA franc","currencySymbol":"Fr"},{"alpha2Code":"BI","alpha3Code":"BDI","namePolish":"Burundi","nameEnglish":"Burundi","nameNative":"Burundi","wikiDetailsUrl":"https://pl.wikipedia.org/wiki/Burundi","capitalPolish":"Bużumbura","capitalEnglish":"Bujumbura","capitalDetailsUrl":"https://pl.wikipedia.org/wiki/Bu%C5%BCumbura","continentPolish":"Afryka","continentEnglish":"Africa","wikiLocationMapUrl":"https://upload.wikimedia.org/wikipedia/commons/2/2f/Burundi_location_map.svg","mapSvgLocationMapUrl":"http://mapsvg.com/maps/geo-calibrated/burundi.svg","flagUrl":"https://restcountries.eu/data/bdi.svg","lat":-3.5,"lng":30,"population":10114505,"area":27834,"topLevelDomain":".bi","currencyCode":"BIF","currencyNameEnglish":"Burundian franc","currencySymbol":"Fr"},{"alpha2Code":"KH","alpha3Code":"KHM","namePolish":"Kambodża","nameEnglish":"Cambodia","nameNative":"Kâmpŭchéa","wikiDetailsUrl":"https://pl.wikipedia.org/wiki/Kambod%C5%BCa","capitalPolish":"Phnom Penh","capitalEnglish":"Phnom Penh","capitalDetailsUrl":"https://pl.wikipedia.org/wiki/Phnom_Penh","continentPolish":"Azja","continentEnglish":"Asia","wikiLocationMapUrl":"https://upload.wikimedia.org/wikipedia/commons/0/0e/Cambodia_location_map.svg","mapSvgLocationMapUrl":"http://mapsvg.com/maps/geo-calibrated/cambodia.svg","flagUrl":"https://restcountries.eu/data/khm.svg","lat":13,"lng":105,"population":15626444,"area":181035,"topLevelDomain":".kh","currencyCode":"KHR","currencyNameEnglish":"Cambodian riel","currencySymbol":"៛"},{"alpha2Code":"CM","alpha3Code":"CMR","namePolish":"Kamerun","nameEnglish":"Cameroon","nameNative":"Cameroon","wikiDetailsUrl":"https://pl.wikipedia.org/wiki/Kamerun","capitalPolish":"Jaunde","capitalEnglish":"Yaoundé","capitalDetailsUrl":"https://pl.wikipedia.org/wiki/Jaunde","continentPolish":"Afryka","continentEnglish":"Africa","wikiLocationMapUrl":"https://upload.wikimedia.org/wikipedia/commons/e/e4/Cameroon_location_map.svg","mapSvgLocationMapUrl":"http://mapsvg.com/maps/geo-calibrated/cameroon.svg","flagUrl":"https://restcountries.eu/data/cmr.svg","lat":6,"lng":12,"population":22709892,"area":475442,"topLevelDomain":".cm","currencyCode":"XAF","currencyNameEnglish":"Central African CFA franc","currencySymbol":"Fr"},{"alpha2Code":"CA","alpha3Code":"CAN","namePolish":"Kanada","nameEnglish":"Canada","nameNative":"Canada","wikiDetailsUrl":"https://pl.wikipedia.org/wiki/Kanada","capitalPolish":"Ottawa","capitalEnglish":"Ottawa","capitalDetailsUrl":"https://pl.wikipedia.org/wiki/Ottawa","continentPolish":"Ameryka Północna","continentEnglish":"Americas","wikiLocationMapUrl":"https://upload.wikimedia.org/wikipedia/commons/1/15/Canada_location_map.svg","mapSvgLocationMapUrl":"http://mapsvg.com/maps/geo-calibrated/canada.svg","flagUrl":"https://restcountries.eu/data/can.svg","lat":60,"lng":-95,"population":36155487,"area":9984670,"topLevelDomain":".ca","currencyCode":"CAD","currencyNameEnglish":"Canadian dollar","currencySymbol":"$"},{"alpha2Code":"CF","alpha3Code":"CAF","namePolish":"Republika Środkowoafrykańska","nameEnglish":"Central African Republic","nameNative":"Ködörösêse tî Bêafrîka","wikiDetailsUrl":"https://pl.wikipedia.org/wiki/Republika_%C5%9Arodkowoafryka%C5%84ska","capitalPolish":"Bangi","capitalEnglish":"Bangui","capitalDetailsUrl":"https://pl.wikipedia.org/wiki/Bangi","continentPolish":"Afryka","continentEnglish":"Africa","wikiLocationMapUrl":"https://upload.wikimedia.org/wikipedia/commons/f/f8/Central_African_Republic_location_map.svg","mapSvgLocationMapUrl":"http://mapsvg.com/maps/geo-calibrated/central-african-republic.svg","flagUrl":"https://restcountries.eu/data/caf.svg","lat":7,"lng":21,"population":4998000,"area":622984,"topLevelDomain":".cf","currencyCode":"XAF","currencyNameEnglish":"Central African CFA franc","currencySymbol":"Fr"},{"alpha2Code":"TD","alpha3Code":"TCD","namePolish":"Czad","nameEnglish":"Chad","nameNative":"Tchad","wikiDetailsUrl":"https://pl.wikipedia.org/wiki/Czad","capitalPolish":"Ndżamena","capitalEnglish":"N'Djamena","capitalDetailsUrl":"https://pl.wikipedia.org/wiki/Nd%C5%BCamena","continentPolish":"Afryka","continentEnglish":"Africa","wikiLocationMapUrl":"https://upload.wikimedia.org/wikipedia/commons/6/68/Chad_location_map.svg","mapSvgLocationMapUrl":"http://mapsvg.com/maps/geo-calibrated/chad.svg","flagUrl":"https://restcountries.eu/data/tcd.svg","lat":15,"lng":19,"population":14497000,"area":1284000,"topLevelDomain":".td","currencyCode":"XAF","currencyNameEnglish":"Central African CFA franc","currencySymbol":"Fr"},{"alpha2Code":"CL","alpha3Code":"CHL","namePolish":"Chile","nameEnglish":"Chile","nameNative":"Chile","wikiDetailsUrl":"https://pl.wikipedia.org/wiki/Chile","capitalPolish":"Santiago","capitalEnglish":"Santiago","capitalDetailsUrl":"https://pl.wikipedia.org/wiki/Santiago","continentPolish":"Ameryka Południowa","continentEnglish":"Americas","wikiLocationMapUrl":"https://upload.wikimedia.org/wikipedia/commons/f/f6/Chile_location_map.svg","mapSvgLocationMapUrl":"http://mapsvg.com/maps/geo-calibrated/chile.svg","flagUrl":"https://restcountries.eu/data/chl.svg","lat":-30,"lng":-71,"population":18191900,"area":756102,"topLevelDomain":".cl","currencyCode":"CLP","currencyNameEnglish":"Chilean peso","currencySymbol":"$"},{"alpha2Code":"CN","alpha3Code":"CHN","namePolish":"Chiny","nameEnglish":"China","nameNative":"中国","wikiDetailsUrl":"https://pl.wikipedia.org/wiki/Chi%C5%84ska_Republika_Ludowa","capitalPolish":"Pekin","capitalEnglish":"Beijing","capitalDetailsUrl":"https://pl.wikipedia.org/wiki/Pekin","continentPolish":"Azja","continentEnglish":"Asia","wikiLocationMapUrl":"https://upload.wikimedia.org/wikipedia/commons/a/ab/China_edcp_location_map.svg","mapSvgLocationMapUrl":"http://mapsvg.com/maps/geo-calibrated/china.svg","flagUrl":"https://restcountries.eu/data/chn.svg","lat":35,"lng":105,"population":1377422166,"area":9640011,"topLevelDomain":".cn","currencyCode":"CNY","currencyNameEnglish":"Chinese yuan","currencySymbol":"¥"},{"alpha2Code":"CO","alpha3Code":"COL","namePolish":"Kolumbia","nameEnglish":"Colombia","nameNative":"Colombia","wikiDetailsUrl":"https://pl.wikipedia.org/wiki/Kolumbia","capitalPolish":"Bogota","capitalEnglish":"Bogotá","capitalDetailsUrl":"https://pl.wikipedia.org/wiki/Bogota","continentPolish":"Ameryka Południowa","continentEnglish":"Americas","wikiLocationMapUrl":"https://upload.wikimedia.org/wikipedia/commons/8/8f/Colombia_location_map.svg","mapSvgLocationMapUrl":"http://mapsvg.com/maps/geo-calibrated/colombia.svg","flagUrl":"https://restcountries.eu/data/col.svg","lat":4,"lng":-72,"population":48759958,"area":1141748,"topLevelDomain":".co","currencyCode":"COP","currencyNameEnglish":"Colombian peso","currencySymbol":"$"},{"alpha2Code":"CG","alpha3Code":"COG","namePolish":"Kongo","nameEnglish":"Congo","nameNative":"République du Congo","wikiDetailsUrl":"https://pl.wikipedia.org/wiki/Kongo","capitalPolish":"Brazzaville","capitalEnglish":"Brazzaville","capitalDetailsUrl":"https://pl.wikipedia.org/wiki/Brazzaville","continentPolish":"Afryka","continentEnglish":"Africa","wikiLocationMapUrl":"https://upload.wikimedia.org/wikipedia/commons/a/a4/Congo_location_map.svg","mapSvgLocationMapUrl":"http://mapsvg.com/maps/geo-calibrated/congo.svg","flagUrl":"https://restcountries.eu/data/cog.svg","lat":-1,"lng":15,"population":4741000,"area":342000,"topLevelDomain":".cg","currencyCode":"XAF","currencyNameEnglish":"Central African CFA franc","currencySymbol":"Fr"},{"alpha2Code":"CR","alpha3Code":"CRI","namePolish":"Kostaryka","nameEnglish":"Costa Rica","nameNative":"Costa Rica","wikiDetailsUrl":"https://pl.wikipedia.org/wiki/Kostaryka","capitalPolish":"San José","capitalEnglish":"San José","capitalDetailsUrl":"https://pl.wikipedia.org/wiki/San_Jos%C3%A9","continentPolish":"Ameryka Północna","continentEnglish":"Americas","wikiLocationMapUrl":"https://upload.wikimedia.org/wikipedia/commons/b/b3/Costa_Rica_location_map.svg","mapSvgLocationMapUrl":"http://mapsvg.com/maps/geo-calibrated/costa-rica.svg","flagUrl":"https://restcountries.eu/data/cri.svg","lat":10,"lng":-84,"population":4890379,"area":51100,"topLevelDomain":".cr","currencyCode":"CRC","currencyNameEnglish":"Costa Rican colón","currencySymbol":"₡"},{"alpha2Code":"HR","alpha3Code":"HRV","namePolish":"Chorwacja","nameEnglish":"Croatia","nameNative":"Hrvatska","wikiDetailsUrl":"https://pl.wikipedia.org/wiki/Chorwacja","capitalPolish":"Zagrzeb","capitalEnglish":"Zagreb","capitalDetailsUrl":"https://pl.wikipedia.org/wiki/Zagrzeb","continentPolish":"Europa","continentEnglish":"Europe","wikiLocationMapUrl":"https://upload.wikimedia.org/wikipedia/commons/7/76/Croatia_location_map.svg","mapSvgLocationMapUrl":"http://mapsvg.com/maps/geo-calibrated/croatia.svg","flagUrl":"https://restcountries.eu/data/hrv.svg","lat":45.16666666,"lng":15.5,"population":4190669,"area":56594,"topLevelDomain":".hr","currencyCode":"HRK","currencyNameEnglish":"Croatian kuna","currencySymbol":"kn"},{"alpha2Code":"CU","alpha3Code":"CUB","namePolish":"Kuba","nameEnglish":"Cuba","nameNative":"Cuba","wikiDetailsUrl":"https://pl.wikipedia.org/wiki/Kuba","capitalPolish":"Hawana","capitalEnglish":"Havana","capitalDetailsUrl":"https://pl.wikipedia.org/wiki/Hawana","continentPolish":"Ameryka Północna","continentEnglish":"Americas","wikiLocationMapUrl":"https://upload.wikimedia.org/wikipedia/commons/7/72/Cuba_location_map.svg","mapSvgLocationMapUrl":"http://mapsvg.com/maps/geo-calibrated/cuba.svg","flagUrl":"https://restcountries.eu/data/cub.svg","lat":21.5,"lng":-80,"population":11239004,"area":109884,"topLevelDomain":".cu","currencyCode":"CUC","currencyNameEnglish":"Cuban convertible peso","currencySymbol":"$"},{"alpha2Code":"CY","alpha3Code":"CYP","namePolish":"Cypr","nameEnglish":"Cyprus","nameNative":"Κύπρος","wikiDetailsUrl":"https://pl.wikipedia.org/wiki/Cypr","capitalPolish":"Nikozja","capitalEnglish":"Nicosia","capitalDetailsUrl":"https://pl.wikipedia.org/wiki/Nikozja","continentPolish":"Azja","continentEnglish":"Europe","wikiLocationMapUrl":"https://upload.wikimedia.org/wikipedia/commons/2/21/Cyprus_location_map.svg","mapSvgLocationMapUrl":"http://mapsvg.com/maps/geo-calibrated/cyprus.svg","flagUrl":"https://restcountries.eu/data/cyp.svg","lat":35,"lng":33,"population":847000,"area":9251,"topLevelDomain":".cy","currencyCode":"EUR","currencyNameEnglish":"Euro","currencySymbol":"€"},{"alpha2Code":"CZ","alpha3Code":"CZE","namePolish":"Czechy","nameEnglish":"Czech Republic","nameNative":"Česká republika","wikiDetailsUrl":"https://pl.wikipedia.org/wiki/Czechy","capitalPolish":"Praga","capitalEnglish":"Prague","capitalDetailsUrl":"https://pl.wikipedia.org/wiki/Praga","continentPolish":"Europa","continentEnglish":"Europe","wikiLocationMapUrl":"https://upload.wikimedia.org/wikipedia/commons/4/4a/Czech_Republic_location_map.svg","mapSvgLocationMapUrl":"http://mapsvg.com/maps/geo-calibrated/czech-republic.svg","flagUrl":"https://restcountries.eu/data/cze.svg","lat":49.75,"lng":15.5,"population":10558524,"area":78865,"topLevelDomain":".cz","currencyCode":"CZK","currencyNameEnglish":"Czech koruna","currencySymbol":"Kč"},{"alpha2Code":"DK","alpha3Code":"DNK","namePolish":"Dania","nameEnglish":"Denmark","nameNative":"Danmark","wikiDetailsUrl":"https://pl.wikipedia.org/wiki/Dania","capitalPolish":"Kopenhaga","capitalEnglish":"Copenhagen","capitalDetailsUrl":"https://pl.wikipedia.org/wiki/Kopenhaga","continentPolish":"Europa","continentEnglish":"Europe","wikiLocationMapUrl":"https://upload.wikimedia.org/wikipedia/commons/2/23/Denmark_location_map.svg","mapSvgLocationMapUrl":"http://mapsvg.com/maps/geo-calibrated/denmark.svg","flagUrl":"https://restcountries.eu/data/dnk.svg","lat":56,"lng":10,"population":5717014,"area":43094,"topLevelDomain":".dk","currencyCode":"DKK","currencyNameEnglish":"Danish krone","currencySymbol":"kr"},{"alpha2Code":"DJ","alpha3Code":"DJI","namePolish":"Dżibuti","nameEnglish":"Djibouti","nameNative":"Djibouti","wikiDetailsUrl":"https://pl.wikipedia.org/wiki/D%C5%BCibuti","capitalPolish":"Dżibuti","capitalEnglish":"Djibouti","capitalDetailsUrl":"https://pl.wikipedia.org/wiki/D%C5%BCibuti_(miasto)","continentPolish":"Afryka","continentEnglish":"Africa","wikiLocationMapUrl":"https://upload.wikimedia.org/wikipedia/commons/a/a5/Djibouti_location_map.svg","mapSvgLocationMapUrl":"http://mapsvg.com/maps/geo-calibrated/djibouti.svg","flagUrl":"https://restcountries.eu/data/dji.svg","lat":11.5,"lng":43,"population":900000,"area":23200,"topLevelDomain":".dj","currencyCode":"DJF","currencyNameEnglish":"Djiboutian franc","currencySymbol":"Fr"},{"alpha2Code":"DO","alpha3Code":"DOM","namePolish":"Dominikana","nameEnglish":"Dominican Republic","nameNative":"República Dominicana","wikiDetailsUrl":"https://pl.wikipedia.org/wiki/Dominikana","capitalPolish":"Santo Domingo","capitalEnglish":"Santo Domingo","capitalDetailsUrl":"https://pl.wikipedia.org/wiki/Santo_Domingo","continentPolish":"Ameryka Północna","continentEnglish":"Americas","wikiLocationMapUrl":"https://upload.wikimedia.org/wikipedia/commons/c/c0/Dominican_Republic_location_map.svg","mapSvgLocationMapUrl":"http://mapsvg.com/maps/geo-calibrated/dominican-republic.svg","flagUrl":"https://restcountries.eu/data/dom.svg","lat":19,"lng":-70.66666666,"population":10075045,"area":48671,"topLevelDomain":".do","currencyCode":"DOP","currencyNameEnglish":"Dominican peso","currencySymbol":"$"},{"alpha2Code":"EC","alpha3Code":"ECU","namePolish":"Ekwador","nameEnglish":"Ecuador","nameNative":"Ecuador","wikiDetailsUrl":"https://pl.wikipedia.org/wiki/Ekwador","capitalPolish":"Quito","capitalEnglish":"Quito","capitalDetailsUrl":"https://pl.wikipedia.org/wiki/Quito","continentPolish":"Ameryka Południowa","continentEnglish":"Americas","wikiLocationMapUrl":"https://upload.wikimedia.org/wikipedia/commons/1/10/Ecuador_location_map.svg","mapSvgLocationMapUrl":"http://mapsvg.com/maps/geo-calibrated/ecuador.svg","flagUrl":"https://restcountries.eu/data/ecu.svg","lat":-2,"lng":-77.5,"population":16545799,"area":276841,"topLevelDomain":".ec","currencyCode":"USD","currencyNameEnglish":"United States dollar","currencySymbol":"$"},{"alpha2Code":"EG","alpha3Code":"EGY","namePolish":"Egipt","nameEnglish":"Egypt","nameNative":"مصر‎","wikiDetailsUrl":"https://pl.wikipedia.org/wiki/Egipt","capitalPolish":"Kair","capitalEnglish":"Cairo","capitalDetailsUrl":"https://pl.wikipedia.org/wiki/Kair","continentPolish":"Afryka, Azja","continentEnglish":"Africa","wikiLocationMapUrl":"https://upload.wikimedia.org/wikipedia/commons/e/e7/Egypt_adm_location_map.svg","mapSvgLocationMapUrl":"http://mapsvg.com/maps/geo-calibrated/egypt.svg","flagUrl":"https://restcountries.eu/data/egy.svg","lat":27,"lng":30,"population":91290000,"area":1002450,"topLevelDomain":".eg","currencyCode":"EGP","currencyNameEnglish":"Egyptian pound","currencySymbol":"£"},{"alpha2Code":"SV","alpha3Code":"SLV","namePolish":"Salwador","nameEnglish":"El Salvador","nameNative":"El Salvador","wikiDetailsUrl":"https://pl.wikipedia.org/wiki/Salwador","capitalPolish":"San Salvador","capitalEnglish":"San Salvador","capitalDetailsUrl":"https://pl.wikipedia.org/wiki/San_Salvador","continentPolish":"Ameryka Północna","continentEnglish":"Americas","wikiLocationMapUrl":"https://upload.wikimedia.org/wikipedia/commons/0/06/El_Salvador_location_map.svg","mapSvgLocationMapUrl":"http://mapsvg.com/maps/geo-calibrated/el-salvador.svg","flagUrl":"https://restcountries.eu/data/slv.svg","lat":13.83333333,"lng":-88.91666666,"population":6520675,"area":21041,"topLevelDomain":".sv","currencyCode":"USD","currencyNameEnglish":"United States dollar","currencySymbol":"$"},{"alpha2Code":"EE","alpha3Code":"EST","namePolish":"Estonia","nameEnglish":"Estonia","nameNative":"Eesti","wikiDetailsUrl":"https://pl.wikipedia.org/wiki/Estonia","capitalPolish":"Tallinn","capitalEnglish":"Tallinn","capitalDetailsUrl":"https://pl.wikipedia.org/wiki/Tallinn","continentPolish":"Europa","continentEnglish":"Europe","wikiLocationMapUrl":"https://upload.wikimedia.org/wikipedia/commons/9/93/Estonia_location_map.svg","mapSvgLocationMapUrl":"http://mapsvg.com/maps/geo-calibrated/estonia.svg","flagUrl":"https://restcountries.eu/data/est.svg","lat":59,"lng":26,"population":1315944,"area":45227,"topLevelDomain":".ee","currencyCode":"EUR","currencyNameEnglish":"Euro","currencySymbol":"€"},{"alpha2Code":"FI","alpha3Code":"FIN","namePolish":"Finlandia","nameEnglish":"Finland","nameNative":"Suomi","wikiDetailsUrl":"https://pl.wikipedia.org/wiki/Finlandia","capitalPolish":"Helsinki","capitalEnglish":"Helsinki","capitalDetailsUrl":"https://pl.wikipedia.org/wiki/Helsinki","continentPolish":"Europa","continentEnglish":"Europe","wikiLocationMapUrl":"https://upload.wikimedia.org/wikipedia/commons/9/92/Finland_location_map.svg","mapSvgLocationMapUrl":"http://mapsvg.com/maps/geo-calibrated/finland.svg","flagUrl":"https://restcountries.eu/data/fin.svg","lat":64,"lng":26,"population":5491817,"area":338424,"topLevelDomain":".fi","currencyCode":"EUR","currencyNameEnglish":"Euro","currencySymbol":"€"},{"alpha2Code":"FR","alpha3Code":"FRA","namePolish":"Francja","nameEnglish":"France","nameNative":"France","wikiDetailsUrl":"https://pl.wikipedia.org/wiki/Francja","capitalPolish":"Paryż","capitalEnglish":"Paris","capitalDetailsUrl":"https://pl.wikipedia.org/wiki/Pary%C5%BC","continentPolish":"Europa","continentEnglish":"Europe","wikiLocationMapUrl":"https://upload.wikimedia.org/wikipedia/commons/e/e9/France_location_map-Regions_and_departements-2016.svg","mapSvgLocationMapUrl":"http://mapsvg.com/maps/geo-calibrated/france.svg","flagUrl":"https://restcountries.eu/data/fra.svg","lat":46,"lng":2,"population":66710000,"area":640679,"topLevelDomain":".fr","currencyCode":"EUR","currencyNameEnglish":"Euro","currencySymbol":"€"},{"alpha2Code":"GE","alpha3Code":"GEO","namePolish":"Gruzja","nameEnglish":"Georgia","nameNative":"საქართველო","wikiDetailsUrl":"https://pl.wikipedia.org/wiki/Gruzja","capitalPolish":"Tbilisi","capitalEnglish":"Tbilisi","capitalDetailsUrl":"https://pl.wikipedia.org/wiki/Tbilisi","continentPolish":"Azja","continentEnglish":"Asia","wikiLocationMapUrl":"https://upload.wikimedia.org/wikipedia/commons/5/59/Georgia_location_map.svg","mapSvgLocationMapUrl":"http://mapsvg.com/maps/geo-calibrated/georgia.svg","flagUrl":"https://restcountries.eu/data/geo.svg","lat":42,"lng":43.5,"population":3720400,"area":69700,"topLevelDomain":".ge","currencyCode":"GEL","currencyNameEnglish":"Georgian Lari","currencySymbol":"ლ"},{"alpha2Code":"DE","alpha3Code":"DEU","namePolish":"Niemcy","nameEnglish":"Germany","nameNative":"Deutschland","wikiDetailsUrl":"https://pl.wikipedia.org/wiki/Niemcy","capitalPolish":"Berlin","capitalEnglish":"Berlin","capitalDetailsUrl":"https://pl.wikipedia.org/wiki/Berlin","continentPolish":"Europa","continentEnglish":"Europe","wikiLocationMapUrl":"https://upload.wikimedia.org/wikipedia/commons/0/0d/Germany_location_map.svg","mapSvgLocationMapUrl":"http://mapsvg.com/maps/geo-calibrated/germany.svg","flagUrl":"https://restcountries.eu/data/deu.svg","lat":51,"lng":9,"population":81770900,"area":357114,"topLevelDomain":".de","currencyCode":"EUR","currencyNameEnglish":"Euro","currencySymbol":"€"},{"alpha2Code":"GR","alpha3Code":"GRC","namePolish":"Grecja","nameEnglish":"Greece","nameNative":"Ελλάδα","wikiDetailsUrl":"https://pl.wikipedia.org/wiki/Grecja","capitalPolish":"Ateny","capitalEnglish":"Athens","capitalDetailsUrl":"https://pl.wikipedia.org/wiki/Ateny","continentPolish":"Europa","continentEnglish":"Europe","wikiLocationMapUrl":"https://upload.wikimedia.org/wikipedia/commons/d/de/Greece_location_map.svg","mapSvgLocationMapUrl":"http://mapsvg.com/maps/geo-calibrated/greece.svg","flagUrl":"https://restcountries.eu/data/grc.svg","lat":39,"lng":22,"population":10858018,"area":131990,"topLevelDomain":".gr","currencyCode":"EUR","currencyNameEnglish":"Euro","currencySymbol":"€"},{"alpha2Code":"GT","alpha3Code":"GTM","namePolish":"Gwatemala","nameEnglish":"Guatemala","nameNative":"Guatemala","wikiDetailsUrl":"https://pl.wikipedia.org/wiki/Gwatemala","capitalPolish":"Gwatemala","capitalEnglish":"Guatemala City","capitalDetailsUrl":"https://pl.wikipedia.org/wiki/Gwatemala_(miasto)","continentPolish":"Ameryka Północna","continentEnglish":"Americas","wikiLocationMapUrl":"https://upload.wikimedia.org/wikipedia/commons/7/7a/Guatemala_location_map.svg","mapSvgLocationMapUrl":"http://mapsvg.com/maps/geo-calibrated/guatemala.svg","flagUrl":"https://restcountries.eu/data/gtm.svg","lat":15.5,"lng":-90.25,"population":16176133,"area":108889,"topLevelDomain":".gt","currencyCode":"GTQ","currencyNameEnglish":"Guatemalan quetzal","currencySymbol":"Q"},{"alpha2Code":"GN","alpha3Code":"GIN","namePolish":"Gwinea","nameEnglish":"Guinea","nameNative":"Guinée","wikiDetailsUrl":"https://pl.wikipedia.org/wiki/Gwinea","capitalPolish":"Konakry","capitalEnglish":"Conakry","capitalDetailsUrl":"https://pl.wikipedia.org/wiki/Konakry","continentPolish":"Afryka","continentEnglish":"Africa","wikiLocationMapUrl":"https://upload.wikimedia.org/wikipedia/commons/3/34/Guinea_location_map.svg","mapSvgLocationMapUrl":"http://mapsvg.com/maps/geo-calibrated/guinea.svg","flagUrl":"https://restcountries.eu/data/gin.svg","lat":11,"lng":-10,"population":12947000,"area":245857,"topLevelDomain":".gn","currencyCode":"GNF","currencyNameEnglish":"Guinean franc","currencySymbol":"Fr"},{"alpha2Code":"HT","alpha3Code":"HTI","namePolish":"Haiti","nameEnglish":"Haiti","nameNative":"Haïti","wikiDetailsUrl":"https://pl.wikipedia.org/wiki/Haiti","capitalPolish":"Port-au-Prince","capitalEnglish":"Port-au-Prince","capitalDetailsUrl":"https://pl.wikipedia.org/wiki/Port-au-Prince","continentPolish":"Ameryka Północna","continentEnglish":"Americas","wikiLocationMapUrl":"https://upload.wikimedia.org/wikipedia/commons/7/73/Haiti_location_map.svg","mapSvgLocationMapUrl":"http://mapsvg.com/maps/geo-calibrated/haiti.svg","flagUrl":"https://restcountries.eu/data/hti.svg","lat":19,"lng":-72.41666666,"population":11078033,"area":27750,"topLevelDomain":".ht","currencyCode":"HTG","currencyNameEnglish":"Haitian gourde","currencySymbol":"G"},{"alpha2Code":"HN","alpha3Code":"HND","namePolish":"Honduras","nameEnglish":"Honduras","nameNative":"Honduras","wikiDetailsUrl":"https://pl.wikipedia.org/wiki/Honduras","capitalPolish":"Tegucigalpa","capitalEnglish":"Tegucigalpa","capitalDetailsUrl":"https://pl.wikipedia.org/wiki/Tegucigalpa","continentPolish":"Ameryka Północna","continentEnglish":"Americas","wikiLocationMapUrl":"https://upload.wikimedia.org/wikipedia/commons/8/87/Honduras_location_map.svg","mapSvgLocationMapUrl":"http://mapsvg.com/maps/geo-calibrated/honduras.svg","flagUrl":"https://restcountries.eu/data/hnd.svg","lat":15,"lng":-86.5,"population":8576532,"area":112492,"topLevelDomain":".hn","currencyCode":"HNL","currencyNameEnglish":"Honduran lempira","currencySymbol":"L"},{"alpha2Code":"HU","alpha3Code":"HUN","namePolish":"Węgry","nameEnglish":"Hungary","nameNative":"Magyarország","wikiDetailsUrl":"https://pl.wikipedia.org/wiki/W%C4%99gry","capitalPolish":"Budapeszt","capitalEnglish":"Budapest","capitalDetailsUrl":"https://pl.wikipedia.org/wiki/Budapeszt","continentPolish":"Europa","continentEnglish":"Europe","wikiLocationMapUrl":"https://upload.wikimedia.org/wikipedia/commons/a/ac/Hungary_location_map.svg","mapSvgLocationMapUrl":"http://mapsvg.com/maps/geo-calibrated/hungary.svg","flagUrl":"https://restcountries.eu/data/hun.svg","lat":47,"lng":20,"population":9823000,"area":93028,"topLevelDomain":".hu","currencyCode":"HUF","currencyNameEnglish":"Hungarian forint","currencySymbol":"Ft"},{"alpha2Code":"IS","alpha3Code":"ISL","namePolish":"Islandia","nameEnglish":"Iceland","nameNative":"Ísland","wikiDetailsUrl":"https://pl.wikipedia.org/wiki/Islandia","capitalPolish":"Reykjavík","capitalEnglish":"Reykjavík","capitalDetailsUrl":"https://pl.wikipedia.org/wiki/Reykjav%C3%ADk","continentPolish":"Europa","continentEnglish":"Europe","wikiLocationMapUrl":"https://upload.wikimedia.org/wikipedia/commons/e/ea/Iceland_location_map.svg","mapSvgLocationMapUrl":"http://mapsvg.com/maps/geo-calibrated/iceland.svg","flagUrl":"https://restcountries.eu/data/isl.svg","lat":65,"lng":-18,"population":334300,"area":103000,"topLevelDomain":".is","currencyCode":"ISK","currencyNameEnglish":"Icelandic króna","currencySymbol":"kr"},{"alpha2Code":"IN","alpha3Code":"IND","namePolish":"Indie","nameEnglish":"India","nameNative":"भारत","wikiDetailsUrl":"https://pl.wikipedia.org/wiki/Indie","capitalPolish":"Nowe Delhi","capitalEnglish":"New Delhi","capitalDetailsUrl":"https://pl.wikipedia.org/wiki/Nowe_Delhi","continentPolish":"Azja","continentEnglish":"Asia","wikiLocationMapUrl":"https://upload.wikimedia.org/wikipedia/commons/d/dc/India_location_map.svg","mapSvgLocationMapUrl":"http://mapsvg.com/maps/geo-calibrated/india.svg","flagUrl":"https://restcountries.eu/data/ind.svg","lat":20,"lng":77,"population":1295210000,"area":3287590,"topLevelDomain":".in","currencyCode":"INR","currencyNameEnglish":"Indian rupee","currencySymbol":"₹"},{"alpha2Code":"ID","alpha3Code":"IDN","namePolish":"Indonezja","nameEnglish":"Indonesia","nameNative":"Indonesia","wikiDetailsUrl":"https://pl.wikipedia.org/wiki/Indonezja","capitalPolish":"Dżakarta","capitalEnglish":"Jakarta","capitalDetailsUrl":"https://pl.wikipedia.org/wiki/D%C5%BCakarta","continentPolish":"Azja","continentEnglish":"Asia","wikiLocationMapUrl":"https://upload.wikimedia.org/wikipedia/commons/a/a4/Indonesia_location_map.svg","mapSvgLocationMapUrl":"http://mapsvg.com/maps/geo-calibrated/indonesia.svg","flagUrl":"https://restcountries.eu/data/idn.svg","lat":-5,"lng":120,"population":258705000,"area":1904569,"topLevelDomain":".id","currencyCode":"IDR","currencyNameEnglish":"Indonesian rupiah","currencySymbol":"Rp"},{"alpha2Code":"IR","alpha3Code":"IRN","namePolish":"Iran","nameEnglish":"Iran","nameNative":"ایران","wikiDetailsUrl":"https://pl.wikipedia.org/wiki/Iran","capitalPolish":"Teheran","capitalEnglish":"Tehran","capitalDetailsUrl":"https://pl.wikipedia.org/wiki/Teheran","continentPolish":"Azja","continentEnglish":"Asia","wikiLocationMapUrl":"https://upload.wikimedia.org/wikipedia/commons/b/be/Iran_location_map.svg","mapSvgLocationMapUrl":"http://mapsvg.com/maps/geo-calibrated/iran.svg","flagUrl":"https://restcountries.eu/data/irn.svg","lat":32,"lng":53,"population":79369900,"area":1648195,"topLevelDomain":".ir","currencyCode":"IRR","currencyNameEnglish":"Iranian rial","currencySymbol":"﷼"},{"alpha2Code":"IQ","alpha3Code":"IRQ","namePolish":"Irak","nameEnglish":"Iraq","nameNative":"العراق","wikiDetailsUrl":"https://pl.wikipedia.org/wiki/Irak","capitalPolish":"Bagdad","capitalEnglish":"Baghdad","capitalDetailsUrl":"https://pl.wikipedia.org/wiki/Bagdad","continentPolish":"Azja","continentEnglish":"Asia","wikiLocationMapUrl":"https://upload.wikimedia.org/wikipedia/commons/6/60/Iraq_location_map.svg","mapSvgLocationMapUrl":"http://mapsvg.com/maps/geo-calibrated/iraq.svg","flagUrl":"https://restcountries.eu/data/irq.svg","lat":33,"lng":44,"population":37883543,"area":438317,"topLevelDomain":".iq","currencyCode":"IQD","currencyNameEnglish":"Iraqi dinar","currencySymbol":"ع.د"},{"alpha2Code":"IE","alpha3Code":"IRL","namePolish":"Irlandia","nameEnglish":"Ireland","nameNative":"Éire","wikiDetailsUrl":"https://pl.wikipedia.org/wiki/Irlandia","capitalPolish":"Dublin","capitalEnglish":"Dublin","capitalDetailsUrl":"https://pl.wikipedia.org/wiki/Dublin","continentPolish":"Europa","continentEnglish":"Europe","wikiLocationMapUrl":"https://upload.wikimedia.org/wikipedia/commons/5/53/Ireland_location_map.svg","mapSvgLocationMapUrl":"http://mapsvg.com/maps/geo-calibrated/ireland.svg","flagUrl":"https://restcountries.eu/data/irl.svg","lat":53,"lng":-8,"population":6378000,"area":70273,"topLevelDomain":".ie","currencyCode":"EUR","currencyNameEnglish":"Euro","currencySymbol":"€"},{"alpha2Code":"IL","alpha3Code":"ISR","namePolish":"Izrael","nameEnglish":"Israel","nameNative":"יִשְׂרָאֵל","wikiDetailsUrl":"https://pl.wikipedia.org/wiki/Izrael","capitalPolish":"Jerozolima","capitalEnglish":"Jerusalem","capitalDetailsUrl":"https://pl.wikipedia.org/wiki/Jerozolima","continentPolish":"Azja","continentEnglish":"Asia","wikiLocationMapUrl":"https://upload.wikimedia.org/wikipedia/commons/1/17/Israel_location_map.svg","mapSvgLocationMapUrl":"http://mapsvg.com/maps/geo-calibrated/israel.svg","flagUrl":"https://restcountries.eu/data/isr.svg","lat":31.5,"lng":34.75,"population":8527400,"area":20770,"topLevelDomain":".il","currencyCode":"ILS","currencyNameEnglish":"Israeli new shekel","currencySymbol":"₪"},{"alpha2Code":"IT","alpha3Code":"ITA","namePolish":"Włochy","nameEnglish":"Italy","nameNative":"Italia","wikiDetailsUrl":"https://pl.wikipedia.org/wiki/W%C5%82ochy","capitalPolish":"Rzym","capitalEnglish":"Rome","capitalDetailsUrl":"https://pl.wikipedia.org/wiki/Rzym","continentPolish":"Europa","continentEnglish":"Europe","wikiLocationMapUrl":"https://upload.wikimedia.org/wikipedia/commons/b/be/Italy_location_map.svg","mapSvgLocationMapUrl":"http://mapsvg.com/maps/geo-calibrated/italy.svg","flagUrl":"https://restcountries.eu/data/ita.svg","lat":42.83333333,"lng":12.83333333,"population":60665551,"area":301336,"topLevelDomain":".it","currencyCode":"EUR","currencyNameEnglish":"Euro","currencySymbol":"€"},{"alpha2Code":"JM","alpha3Code":"JAM","namePolish":"Jamajka","nameEnglish":"Jamaica","nameNative":"Jamaica","wikiDetailsUrl":"https://pl.wikipedia.org/wiki/Jamajka","capitalPolish":"Kingston","capitalEnglish":"Kingston","capitalDetailsUrl":"https://pl.wikipedia.org/wiki/Kingston","continentPolish":"Ameryka Północna","continentEnglish":"Americas","wikiLocationMapUrl":"https://upload.wikimedia.org/wikipedia/commons/9/99/Jamaica_location_map.svg","mapSvgLocationMapUrl":"http://mapsvg.com/maps/geo-calibrated/jamaica.svg","flagUrl":"https://restcountries.eu/data/jam.svg","lat":18.25,"lng":-77.5,"population":2723246,"area":10991,"topLevelDomain":".jm","currencyCode":"JMD","currencyNameEnglish":"Jamaican dollar","currencySymbol":"$"},{"alpha2Code":"JP","alpha3Code":"JPN","namePolish":"Japonia","nameEnglish":"Japan","nameNative":"日本","wikiDetailsUrl":"https://pl.wikipedia.org/wiki/Japonia","capitalPolish":"Tokio","capitalEnglish":"Tokyo","capitalDetailsUrl":"https://pl.wikipedia.org/wiki/Tokio","continentPolish":"Azja","continentEnglish":"Asia","wikiLocationMapUrl":"https://upload.wikimedia.org/wikipedia/commons/9/98/Japan_location_map_with_side_map_of_the_Ryukyu_Islands.svg","mapSvgLocationMapUrl":"http://mapsvg.com/maps/geo-calibrated/japan.svg","flagUrl":"https://restcountries.eu/data/jpn.svg","lat":36,"lng":138,"population":126960000,"area":377930,"topLevelDomain":".jp","currencyCode":"JPY","currencyNameEnglish":"Japanese yen","currencySymbol":"¥"},{"alpha2Code":"KZ","alpha3Code":"KAZ","namePolish":"Kazachstan","nameEnglish":"Kazakhstan","nameNative":"Қазақстан","wikiDetailsUrl":"https://pl.wikipedia.org/wiki/Kazachstan","capitalPolish":"Astana","capitalEnglish":"Astana","capitalDetailsUrl":"https://pl.wikipedia.org/wiki/Astana","continentPolish":"Azja, Europa","continentEnglish":"Asia","wikiLocationMapUrl":"https://upload.wikimedia.org/wikipedia/commons/b/b5/Kazakhstan_adm_location_map.svg","mapSvgLocationMapUrl":"http://mapsvg.com/maps/geo-calibrated/kazakhstan.svg","flagUrl":"https://restcountries.eu/data/kaz.svg","lat":48,"lng":68,"population":17753200,"area":2724900,"topLevelDomain":".kz","currencyCode":"KZT","currencyNameEnglish":"Kazakhstani tenge","currencySymbol":null},{"alpha2Code":"KE","alpha3Code":"KEN","namePolish":"Kenia","nameEnglish":"Kenya","nameNative":"Kenya","wikiDetailsUrl":"https://pl.wikipedia.org/wiki/Kenia","capitalPolish":"Nairobi","capitalEnglish":"Nairobi","capitalDetailsUrl":"https://pl.wikipedia.org/wiki/Nairobi","continentPolish":"Afryka","continentEnglish":"Africa","wikiLocationMapUrl":"https://upload.wikimedia.org/wikipedia/commons/2/2c/Kenya_location_map.svg","mapSvgLocationMapUrl":"http://mapsvg.com/maps/geo-calibrated/kenya.svg","flagUrl":"https://restcountries.eu/data/ken.svg","lat":1,"lng":38,"population":47251000,"area":580367,"topLevelDomain":".ke","currencyCode":"KES","currencyNameEnglish":"Kenyan shilling","currencySymbol":"Sh"},{"alpha2Code":"KG","alpha3Code":"KGZ","namePolish":"Kirgistan","nameEnglish":"Kyrgyzstan","nameNative":"Кыргызстан","wikiDetailsUrl":"https://pl.wikipedia.org/wiki/Kirgistan","capitalPolish":"Biszkek","capitalEnglish":"Bishkek","capitalDetailsUrl":"https://pl.wikipedia.org/wiki/Biszkek","continentPolish":"Azja","continentEnglish":"Asia","wikiLocationMapUrl":"https://upload.wikimedia.org/wikipedia/commons/7/7b/Kyrgyzstan_location_map.svg","mapSvgLocationMapUrl":"http://mapsvg.com/maps/geo-calibrated/kyrgyzstan.svg","flagUrl":"https://restcountries.eu/data/kgz.svg","lat":41,"lng":75,"population":6047800,"area":199951,"topLevelDomain":".kg","currencyCode":"KGS","currencyNameEnglish":"Kyrgyzstani som","currencySymbol":"с"},{"alpha2Code":"LV","alpha3Code":"LVA","namePolish":"Łotwa","nameEnglish":"Latvia","nameNative":"Latvija","wikiDetailsUrl":"https://pl.wikipedia.org/wiki/%C5%81otwa","capitalPolish":"Ryga","capitalEnglish":"Riga","capitalDetailsUrl":"https://pl.wikipedia.org/wiki/Ryga","continentPolish":"Europa","continentEnglish":"Europe","wikiLocationMapUrl":"https://upload.wikimedia.org/wikipedia/commons/5/5c/Latvia_location_map.svg","mapSvgLocationMapUrl":"http://mapsvg.com/maps/geo-calibrated/latvia.svg","flagUrl":"https://restcountries.eu/data/lva.svg","lat":57,"lng":25,"population":1961600,"area":64559,"topLevelDomain":".lv","currencyCode":"EUR","currencyNameEnglish":"Euro","currencySymbol":"€"},{"alpha2Code":"LI","alpha3Code":"LIE","namePolish":"Liechtenstein","nameEnglish":"Liechtenstein","nameNative":"Liechtenstein","wikiDetailsUrl":"https://pl.wikipedia.org/wiki/Liechtenstein","capitalPolish":"Vaduz","capitalEnglish":"Vaduz","capitalDetailsUrl":"https://pl.wikipedia.org/wiki/Vaduz","continentPolish":"Europa","continentEnglish":"Europe","wikiLocationMapUrl":"https://upload.wikimedia.org/wikipedia/commons/7/78/Liechtenstein_location_map.svg","mapSvgLocationMapUrl":"http://mapsvg.com/maps/geo-calibrated/liechtenstein.svg","flagUrl":"https://restcountries.eu/data/lie.svg","lat":47.26666666,"lng":9.53333333,"population":37623,"area":160,"topLevelDomain":".li","currencyCode":"CHF","currencyNameEnglish":"Swiss franc","currencySymbol":"Fr"},{"alpha2Code":"LT","alpha3Code":"LTU","namePolish":"Litwa","nameEnglish":"Lithuania","nameNative":"Lietuva","wikiDetailsUrl":"https://pl.wikipedia.org/wiki/Litwa","capitalPolish":"Wilno","capitalEnglish":"Vilnius","capitalDetailsUrl":"https://pl.wikipedia.org/wiki/Wilno","continentPolish":"Europa","continentEnglish":"Europe","wikiLocationMapUrl":"https://upload.wikimedia.org/wikipedia/commons/f/ff/Lithuania_adm_location_map.svg","mapSvgLocationMapUrl":"http://mapsvg.com/maps/geo-calibrated/lithuania.svg","flagUrl":"https://restcountries.eu/data/ltu.svg","lat":56,"lng":24,"population":2872294,"area":65300,"topLevelDomain":".lt","currencyCode":"EUR","currencyNameEnglish":"Euro","currencySymbol":"€"},{"alpha2Code":"LU","alpha3Code":"LUX","namePolish":"Luksemburg","nameEnglish":"Luxembourg","nameNative":"Luxembourg","wikiDetailsUrl":"https://pl.wikipedia.org/wiki/Luksemburg","capitalPolish":"Luksemburg","capitalEnglish":"Luxembourg","capitalDetailsUrl":"https://pl.wikipedia.org/wiki/Luksemburg_(miasto)","continentPolish":"Europa","continentEnglish":"Europe","wikiLocationMapUrl":"https://upload.wikimedia.org/wikipedia/commons/b/b2/Luxembourg_location_map_-_cantons.svg","mapSvgLocationMapUrl":"http://mapsvg.com/maps/geo-calibrated/luxembourg.svg","flagUrl":"https://restcountries.eu/data/lux.svg","lat":49.75,"lng":6.16666666,"population":576200,"area":2586,"topLevelDomain":".lu","currencyCode":"EUR","currencyNameEnglish":"Euro","currencySymbol":"€"},{"alpha2Code":"MK","alpha3Code":"MKD","namePolish":"Macedonia","nameEnglish":"Macedonia","nameNative":"Македонија","wikiDetailsUrl":"https://pl.wikipedia.org/wiki/Macedonia","capitalPolish":"Skopje","capitalEnglish":"Skopje","capitalDetailsUrl":"https://pl.wikipedia.org/wiki/Skopje","continentPolish":"Europa","continentEnglish":"Europe","wikiLocationMapUrl":"https://upload.wikimedia.org/wikipedia/commons/3/32/Macedonia_location_map.svg","mapSvgLocationMapUrl":"http://mapsvg.com/maps/geo-calibrated/macedonia.svg","flagUrl":"https://restcountries.eu/data/mkd.svg","lat":41.83333333,"lng":22,"population":2058539,"area":25713,"topLevelDomain":".mk","currencyCode":"MKD","currencyNameEnglish":"Macedonian denar","currencySymbol":"ден"},{"alpha2Code":"MY","alpha3Code":"MYS","namePolish":"Malezja","nameEnglish":"Malaysia","nameNative":"Malaysia","wikiDetailsUrl":"https://pl.wikipedia.org/wiki/Malezja","capitalPolish":"Kuala Lumpur","capitalEnglish":"Kuala Lumpur","capitalDetailsUrl":"https://pl.wikipedia.org/wiki/Kuala_Lumpur","continentPolish":"Azja","continentEnglish":"Asia","wikiLocationMapUrl":"https://upload.wikimedia.org/wikipedia/commons/1/18/Malaysia_location_map.svg","mapSvgLocationMapUrl":"http://mapsvg.com/maps/geo-calibrated/malaysia.svg","flagUrl":"https://restcountries.eu/data/mys.svg","lat":2.5,"lng":112.5,"population":31405416,"area":330803,"topLevelDomain":".my","currencyCode":"MYR","currencyNameEnglish":"Malaysian ringgit","currencySymbol":"RM"},{"alpha2Code":"ML","alpha3Code":"MLI","namePolish":"Mali","nameEnglish":"Mali","nameNative":"Mali","wikiDetailsUrl":"https://pl.wikipedia.org/wiki/Mali","capitalPolish":"Bamako","capitalEnglish":"Bamako","capitalDetailsUrl":"https://pl.wikipedia.org/wiki/Bamako","continentPolish":"Afryka","continentEnglish":"Africa","wikiLocationMapUrl":"https://upload.wikimedia.org/wikipedia/commons/7/78/Mali2_location_map.svg","mapSvgLocationMapUrl":"http://mapsvg.com/maps/geo-calibrated/mali.svg","flagUrl":"https://restcountries.eu/data/mli.svg","lat":17,"lng":-4,"population":18135000,"area":1240192,"topLevelDomain":".ml","currencyCode":"XOF","currencyNameEnglish":"West African CFA franc","currencySymbol":"Fr"},{"alpha2Code":"MT","alpha3Code":"MLT","namePolish":"Malta","nameEnglish":"Malta","nameNative":"Malta","wikiDetailsUrl":"https://pl.wikipedia.org/wiki/Malta","capitalPolish":"Valletta","capitalEnglish":"Valletta","capitalDetailsUrl":"https://pl.wikipedia.org/wiki/Valletta","continentPolish":"Europa","continentEnglish":"Europe","wikiLocationMapUrl":"https://upload.wikimedia.org/wikipedia/commons/b/b3/Malta_location_map.svg","mapSvgLocationMapUrl":"http://mapsvg.com/maps/geo-calibrated/malta.svg","flagUrl":"https://restcountries.eu/data/mlt.svg","lat":35.83333333,"lng":14.58333333,"population":425384,"area":316,"topLevelDomain":".mt","currencyCode":"EUR","currencyNameEnglish":"Euro","currencySymbol":"€"},{"alpha2Code":"MX","alpha3Code":"MEX","namePolish":"Meksyk","nameEnglish":"Mexico","nameNative":"México","wikiDetailsUrl":"https://pl.wikipedia.org/wiki/Meksyk","capitalPolish":"Meksyk","capitalEnglish":"Mexico City","capitalDetailsUrl":"https://pl.wikipedia.org/wiki/Meksyk_(miasto)","continentPolish":"Ameryka Północna","continentEnglish":"Americas","wikiLocationMapUrl":"https://upload.wikimedia.org/wikipedia/commons/4/45/Mexico_location_map.svg","mapSvgLocationMapUrl":"http://mapsvg.com/maps/geo-calibrated/mexico.svg","flagUrl":"https://restcountries.eu/data/mex.svg","lat":23,"lng":-102,"population":122273473,"area":1964375,"topLevelDomain":".mx","currencyCode":"MXN","currencyNameEnglish":"Mexican peso","currencySymbol":"$"},{"alpha2Code":"MD","alpha3Code":"MDA","namePolish":"Mołdawia","nameEnglish":"Moldova","nameNative":"Moldova","wikiDetailsUrl":"https://pl.wikipedia.org/wiki/Mo%C5%82dawia","capitalPolish":"Kiszyniów","capitalEnglish":"Chișinău","capitalDetailsUrl":"https://pl.wikipedia.org/wiki/Kiszyni%C3%B3w","continentPolish":"Europa","continentEnglish":"Europe","wikiLocationMapUrl":"https://upload.wikimedia.org/wikipedia/commons/3/36/Moldova_location_map.svg","mapSvgLocationMapUrl":"http://mapsvg.com/maps/geo-calibrated/moldova.svg","flagUrl":"https://restcountries.eu/data/mda.svg","lat":47,"lng":29,"population":3553100,"area":33846,"topLevelDomain":".md","currencyCode":"MDL","currencyNameEnglish":"Moldovan leu","currencySymbol":"L"},{"alpha2Code":"ME","alpha3Code":"MNE","namePolish":"Czarnogóra","nameEnglish":"Montenegro","nameNative":"Црна Гора","wikiDetailsUrl":"https://pl.wikipedia.org/wiki/Czarnog%C3%B3ra","capitalPolish":"Podgorica","capitalEnglish":"Podgorica","capitalDetailsUrl":"https://pl.wikipedia.org/wiki/Podgorica","continentPolish":"Europa","continentEnglish":"Europe","wikiLocationMapUrl":"https://upload.wikimedia.org/wikipedia/commons/5/5f/Montenegro_location_map.svg","mapSvgLocationMapUrl":"http://mapsvg.com/maps/geo-calibrated/montenegro.svg","flagUrl":"https://restcountries.eu/data/mne.svg","lat":42.5,"lng":19.3,"population":621810,"area":13812,"topLevelDomain":".me","currencyCode":"EUR","currencyNameEnglish":"Euro","currencySymbol":"€"},{"alpha2Code":"MA","alpha3Code":"MAR","namePolish":"Maroko","nameEnglish":"Morocco","nameNative":"المغرب","wikiDetailsUrl":"https://pl.wikipedia.org/wiki/Maroko","capitalPolish":"Rabat","capitalEnglish":"Rabat","capitalDetailsUrl":"https://pl.wikipedia.org/wiki/Rabat_(Maroko)","continentPolish":"Afryka","continentEnglish":"Africa","wikiLocationMapUrl":"https://upload.wikimedia.org/wikipedia/commons/2/2e/Morocco_location_map.svg","mapSvgLocationMapUrl":"http://mapsvg.com/maps/geo-calibrated/morocco.svg","flagUrl":"https://restcountries.eu/data/mar.svg","lat":32,"lng":-5,"population":33337529,"area":446550,"topLevelDomain":".ma","currencyCode":"MAD","currencyNameEnglish":"Moroccan dirham","currencySymbol":"د.م."},{"alpha2Code":"MM","alpha3Code":"MMR","namePolish":"Mjanma","nameEnglish":"Myanmar","nameNative":"Myanma","wikiDetailsUrl":"https://pl.wikipedia.org/wiki/Mjanma","capitalPolish":"Naypyidaw","capitalEnglish":"Naypyidaw","capitalDetailsUrl":"https://pl.wikipedia.org/wiki/Naypyidaw","continentPolish":"Azja","continentEnglish":"Asia","wikiLocationMapUrl":"https://upload.wikimedia.org/wikipedia/commons/3/30/Myanmar_location_map.svg","mapSvgLocationMapUrl":"http://mapsvg.com/maps/geo-calibrated/myanmar.svg","flagUrl":"https://restcountries.eu/data/mmr.svg","lat":22,"lng":98,"population":51419420,"area":676578,"topLevelDomain":".mm","currencyCode":"MMK","currencyNameEnglish":"Burmese kyat","currencySymbol":"Ks"},{"alpha2Code":"NP","alpha3Code":"NPL","namePolish":"Nepal","nameEnglish":"Nepal","nameNative":"नेपाल","wikiDetailsUrl":"https://pl.wikipedia.org/wiki/Nepal","capitalPolish":"Katmandu","capitalEnglish":"Kathmandu","capitalDetailsUrl":"https://pl.wikipedia.org/wiki/Katmandu","continentPolish":"Azja","continentEnglish":"Asia","wikiLocationMapUrl":"https://upload.wikimedia.org/wikipedia/commons/b/b7/Nepal_location_map.svg","mapSvgLocationMapUrl":"http://mapsvg.com/maps/geo-calibrated/nepal.svg","flagUrl":"https://restcountries.eu/data/npl.svg","lat":28,"lng":84,"population":28431500,"area":147181,"topLevelDomain":".np","currencyCode":"NPR","currencyNameEnglish":"Nepalese rupee","currencySymbol":"₨"},{"alpha2Code":"NL","alpha3Code":"NLD","namePolish":"Holandia","nameEnglish":"Netherlands","nameNative":"Nederland","wikiDetailsUrl":"https://pl.wikipedia.org/wiki/Holandia","capitalPolish":"Amsterdam","capitalEnglish":"Amsterdam","capitalDetailsUrl":"https://pl.wikipedia.org/wiki/Amsterdam","continentPolish":"Europa","continentEnglish":"Europe","wikiLocationMapUrl":"https://upload.wikimedia.org/wikipedia/commons/4/48/Netherlands_location_map.svg","mapSvgLocationMapUrl":"http://mapsvg.com/maps/geo-calibrated/netherlands.svg","flagUrl":"https://restcountries.eu/data/nld.svg","lat":52.5,"lng":5.75,"population":17019800,"area":41850,"topLevelDomain":".nl","currencyCode":"EUR","currencyNameEnglish":"Euro","currencySymbol":"€"},{"alpha2Code":"NZ","alpha3Code":"NZL","namePolish":"Nowa Zelandia","nameEnglish":"New Zealand","nameNative":"New Zealand","wikiDetailsUrl":"https://pl.wikipedia.org/wiki/Nowa_Zelandia","capitalPolish":"Wellington","capitalEnglish":"Wellington","capitalDetailsUrl":"https://pl.wikipedia.org/wiki/Wellington","continentPolish":"Australia i Oceania","continentEnglish":"Oceania","wikiLocationMapUrl":"https://upload.wikimedia.org/wikipedia/commons/2/21/New_Zealand_location_map.svg","mapSvgLocationMapUrl":"http://mapsvg.com/maps/geo-calibrated/new-zealand.svg","flagUrl":"https://restcountries.eu/data/nzl.svg","lat":-41,"lng":174,"population":4697854,"area":270467,"topLevelDomain":".nz","currencyCode":"NZD","currencyNameEnglish":"New Zealand dollar","currencySymbol":"$"},{"alpha2Code":"NI","alpha3Code":"NIC","namePolish":"Nikaragua","nameEnglish":"Nicaragua","nameNative":"Nicaragua","wikiDetailsUrl":"https://pl.wikipedia.org/wiki/Nikaragua","capitalPolish":"Managua","capitalEnglish":"Managua","capitalDetailsUrl":"https://pl.wikipedia.org/wiki/Managua","continentPolish":"Ameryka Północna","continentEnglish":"Americas","wikiLocationMapUrl":"https://upload.wikimedia.org/wikipedia/commons/4/42/Nicaragua_location_map.svg","mapSvgLocationMapUrl":"http://mapsvg.com/maps/geo-calibrated/nicaragua.svg","flagUrl":"https://restcountries.eu/data/nic.svg","lat":13,"lng":-85,"population":6262703,"area":130373,"topLevelDomain":".ni","currencyCode":"NIO","currencyNameEnglish":"Nicaraguan córdoba","currencySymbol":"C$"},{"alpha2Code":"NG","alpha3Code":"NGA","namePolish":"Nigeria","nameEnglish":"Nigeria","nameNative":"Nigeria","wikiDetailsUrl":"https://pl.wikipedia.org/wiki/Nigeria","capitalPolish":"Abudża","capitalEnglish":"Abuja","capitalDetailsUrl":"https://pl.wikipedia.org/wiki/Abud%C5%BCa","continentPolish":"Afryka","continentEnglish":"Africa","wikiLocationMapUrl":"https://upload.wikimedia.org/wikipedia/commons/1/18/Nigeria_location_map.svg","mapSvgLocationMapUrl":"http://mapsvg.com/maps/geo-calibrated/nigeria.svg","flagUrl":"https://restcountries.eu/data/nga.svg","lat":10,"lng":8,"population":186988000,"area":923768,"topLevelDomain":".ng","currencyCode":"NGN","currencyNameEnglish":"Nigerian naira","currencySymbol":"₦"},{"alpha2Code":"NO","alpha3Code":"NOR","namePolish":"Norwegia","nameEnglish":"Norway","nameNative":"Norge","wikiDetailsUrl":"https://pl.wikipedia.org/wiki/Norwegia","capitalPolish":"Oslo","capitalEnglish":"Oslo","capitalDetailsUrl":"https://pl.wikipedia.org/wiki/Oslo","continentPolish":"Europa","continentEnglish":"Europe","wikiLocationMapUrl":"https://upload.wikimedia.org/wikipedia/commons/2/28/Norway_location_map.svg","mapSvgLocationMapUrl":"http://mapsvg.com/maps/geo-calibrated/norway.svg","flagUrl":"https://restcountries.eu/data/nor.svg","lat":62,"lng":10,"population":5223256,"area":323802,"topLevelDomain":".no","currencyCode":"NOK","currencyNameEnglish":"Norwegian krone","currencySymbol":"kr"},{"alpha2Code":"OM","alpha3Code":"OMN","namePolish":"Oman","nameEnglish":"Oman","nameNative":"عمان","wikiDetailsUrl":"https://pl.wikipedia.org/wiki/Oman","capitalPolish":"Maskat","capitalEnglish":"Muscat","capitalDetailsUrl":"https://pl.wikipedia.org/wiki/Maskat","continentPolish":"Azja","continentEnglish":"Asia","wikiLocationMapUrl":"https://upload.wikimedia.org/wikipedia/commons/f/f2/Oman_adm_location_map.svg","mapSvgLocationMapUrl":"http://mapsvg.com/maps/geo-calibrated/oman.svg","flagUrl":"https://restcountries.eu/data/omn.svg","lat":21,"lng":57,"population":4420133,"area":309500,"topLevelDomain":".om","currencyCode":"OMR","currencyNameEnglish":"Omani rial","currencySymbol":"ر.ع."},{"alpha2Code":"PK","alpha3Code":"PAK","namePolish":"Pakistan","nameEnglish":"Pakistan","nameNative":"Pakistan","wikiDetailsUrl":"https://pl.wikipedia.org/wiki/Pakistan","capitalPolish":"Islamabad","capitalEnglish":"Islamabad","capitalDetailsUrl":"https://pl.wikipedia.org/wiki/Islamabad","continentPolish":"Azja","continentEnglish":"Asia","wikiLocationMapUrl":"https://upload.wikimedia.org/wikipedia/commons/8/85/Pakistan_adm_location_map.svg","mapSvgLocationMapUrl":"http://mapsvg.com/maps/geo-calibrated/pakistan.svg","flagUrl":"https://restcountries.eu/data/pak.svg","lat":30,"lng":70,"population":194125062,"area":881912,"topLevelDomain":".pk","currencyCode":"PKR","currencyNameEnglish":"Pakistani rupee","currencySymbol":"₨"},{"alpha2Code":"PA","alpha3Code":"PAN","namePolish":"Panama","nameEnglish":"Panama","nameNative":"Panamá","wikiDetailsUrl":"https://pl.wikipedia.org/wiki/Panama","capitalPolish":"Panama","capitalEnglish":"Panama City","capitalDetailsUrl":"https://pl.wikipedia.org/wiki/Panama_(miasto)","continentPolish":"Ameryka Północna","continentEnglish":"Americas","wikiLocationMapUrl":"https://upload.wikimedia.org/wikipedia/commons/4/4e/Panama_location_map.svg","mapSvgLocationMapUrl":"http://mapsvg.com/maps/geo-calibrated/panama.svg","flagUrl":"https://restcountries.eu/data/pan.svg","lat":9,"lng":-80,"population":3814672,"area":75417,"topLevelDomain":".pa","currencyCode":"PAB","currencyNameEnglish":"Panamanian balboa","currencySymbol":"B/."},{"alpha2Code":"PY","alpha3Code":"PRY","namePolish":"Paragwaj","nameEnglish":"Paraguay","nameNative":"Paraguay","wikiDetailsUrl":"https://pl.wikipedia.org/wiki/Paragwaj","capitalPolish":"Asunción","capitalEnglish":"Asunción","capitalDetailsUrl":"https://pl.wikipedia.org/wiki/Asunci%C3%B3n","continentPolish":"Ameryka Południowa","continentEnglish":"Americas","wikiLocationMapUrl":"https://upload.wikimedia.org/wikipedia/commons/4/46/Paraguay_adm_location_map.svg","mapSvgLocationMapUrl":"http://mapsvg.com/maps/geo-calibrated/paraguay.svg","flagUrl":"https://restcountries.eu/data/pry.svg","lat":-23,"lng":-58,"population":6854536,"area":406752,"topLevelDomain":".py","currencyCode":"PYG","currencyNameEnglish":"Paraguayan guaraní","currencySymbol":"₲"},{"alpha2Code":"PH","alpha3Code":"PHL","namePolish":"Filipiny","nameEnglish":"Philippines","nameNative":"Pilipinas","wikiDetailsUrl":"https://pl.wikipedia.org/wiki/Filipiny","capitalPolish":"Manila","capitalEnglish":"Manila","capitalDetailsUrl":"https://pl.wikipedia.org/wiki/Manila","continentPolish":"Azja","continentEnglish":"Asia","wikiLocationMapUrl":"https://upload.wikimedia.org/wikipedia/commons/d/d7/Philippines_location_map.svg","mapSvgLocationMapUrl":"http://mapsvg.com/maps/geo-calibrated/philippines.svg","flagUrl":"https://restcountries.eu/data/phl.svg","lat":13,"lng":122,"population":103279800,"area":342353,"topLevelDomain":".ph","currencyCode":"PHP","currencyNameEnglish":"Philippine peso","currencySymbol":"₱"},{"alpha2Code":"PL","alpha3Code":"POL","namePolish":"Polska","nameEnglish":"Poland","nameNative":"Polska","wikiDetailsUrl":"https://pl.wikipedia.org/wiki/Polska","capitalPolish":"Warszawa","capitalEnglish":"Warsaw","capitalDetailsUrl":"https://pl.wikipedia.org/wiki/Warszawa","continentPolish":"Europa","continentEnglish":"Europe","wikiLocationMapUrl":"https://upload.wikimedia.org/wikipedia/commons/0/06/Poland_location_map.svg","mapSvgLocationMapUrl":"http://mapsvg.com/maps/geo-calibrated/poland.svg","flagUrl":"https://restcountries.eu/data/pol.svg","lat":52,"lng":20,"population":38437239,"area":312679,"topLevelDomain":".pl","currencyCode":"PLN","currencyNameEnglish":"Polish złoty","currencySymbol":"zł"},{"alpha2Code":"PT","alpha3Code":"PRT","namePolish":"Portugalia","nameEnglish":"Portugal","nameNative":"Portugal","wikiDetailsUrl":"https://pl.wikipedia.org/wiki/Portugalia","capitalPolish":"Lizbona","capitalEnglish":"Lisbon","capitalDetailsUrl":"https://pl.wikipedia.org/wiki/Lizbona","continentPolish":"Europa","continentEnglish":"Europe","wikiLocationMapUrl":"https://upload.wikimedia.org/wikipedia/commons/4/48/Portugal_location_map.svg","mapSvgLocationMapUrl":"http://mapsvg.com/maps/geo-calibrated/portugal.svg","flagUrl":"https://restcountries.eu/data/prt.svg","lat":39.5,"lng":-8,"population":10374822,"area":92090,"topLevelDomain":".pt","currencyCode":"EUR","currencyNameEnglish":"Euro","currencySymbol":"€"},{"alpha2Code":"QA","alpha3Code":"QAT","namePolish":"Katar","nameEnglish":"Qatar","nameNative":"قطر","wikiDetailsUrl":"https://pl.wikipedia.org/wiki/Katar","capitalPolish":"Doha","capitalEnglish":"Doha","capitalDetailsUrl":"https://pl.wikipedia.org/wiki/Doha","continentPolish":"Azja","continentEnglish":"Asia","wikiLocationMapUrl":"https://upload.wikimedia.org/wikipedia/commons/d/dd/Qatar_location_map.svg","mapSvgLocationMapUrl":"http://mapsvg.com/maps/geo-calibrated/qatar.svg","flagUrl":"https://restcountries.eu/data/qat.svg","lat":25.5,"lng":51.25,"population":2587564,"area":11586,"topLevelDomain":".qa","currencyCode":"QAR","currencyNameEnglish":"Qatari riyal","currencySymbol":"ر.ق"},{"alpha2Code":"RO","alpha3Code":"ROU","namePolish":"Rumunia","nameEnglish":"Romania","nameNative":"România","wikiDetailsUrl":"https://pl.wikipedia.org/wiki/Rumunia","capitalPolish":"Bukareszt","capitalEnglish":"Bucharest","capitalDetailsUrl":"https://pl.wikipedia.org/wiki/Bukareszt","continentPolish":"Europa","continentEnglish":"Europe","wikiLocationMapUrl":"https://upload.wikimedia.org/wikipedia/commons/d/d7/Romania_location_map.svg","mapSvgLocationMapUrl":"http://mapsvg.com/maps/geo-calibrated/romania.svg","flagUrl":"https://restcountries.eu/data/rou.svg","lat":46,"lng":25,"population":19861408,"area":238391,"topLevelDomain":".ro","currencyCode":"RON","currencyNameEnglish":"Romanian leu","currencySymbol":"lei"},{"alpha2Code":"RW","alpha3Code":"RWA","namePolish":"Rwanda","nameEnglish":"Rwanda","nameNative":"Rwanda","wikiDetailsUrl":"https://pl.wikipedia.org/wiki/Rwanda","capitalPolish":"Kigali","capitalEnglish":"Kigali","capitalDetailsUrl":"https://pl.wikipedia.org/wiki/Kigali","continentPolish":"Afryka","continentEnglish":"Africa","wikiLocationMapUrl":"https://upload.wikimedia.org/wikipedia/commons/0/04/Rwanda_location_map.svg","mapSvgLocationMapUrl":"http://mapsvg.com/maps/geo-calibrated/rwanda.svg","flagUrl":"https://restcountries.eu/data/rwa.svg","lat":-2,"lng":30,"population":11553188,"area":26338,"topLevelDomain":".rw","currencyCode":"RWF","currencyNameEnglish":"Rwandan franc","currencySymbol":"Fr"},{"alpha2Code":"SM","alpha3Code":"SMR","namePolish":"San Marino","nameEnglish":"San Marino","nameNative":"San Marino","wikiDetailsUrl":"https://pl.wikipedia.org/wiki/San_Marino","capitalPolish":"San Marino","capitalEnglish":"City of San Marino","capitalDetailsUrl":"https://pl.wikipedia.org/wiki/San_Marino_(miasto)","continentPolish":"Europa","continentEnglish":"Europe","wikiLocationMapUrl":"https://upload.wikimedia.org/wikipedia/commons/a/a3/San_Marino_location_map.svg","mapSvgLocationMapUrl":"http://mapsvg.com/maps/geo-calibrated/san-marino.svg","flagUrl":"https://restcountries.eu/data/smr.svg","lat":43.76666666,"lng":12.41666666,"population":33005,"area":61,"topLevelDomain":".sm","currencyCode":"EUR","currencyNameEnglish":"Euro","currencySymbol":"€"},{"alpha2Code":"SA","alpha3Code":"SAU","namePolish":"Arabia Saudyjska","nameEnglish":"Saudi Arabia","nameNative":"العربية السعودية","wikiDetailsUrl":"https://pl.wikipedia.org/wiki/Arabia_Saudyjska","capitalPolish":"Rijad","capitalEnglish":"Riyadh","capitalDetailsUrl":"https://pl.wikipedia.org/wiki/Rijad","continentPolish":"Azja","continentEnglish":"Asia","wikiLocationMapUrl":"https://upload.wikimedia.org/wikipedia/commons/6/67/Saudi_Arabia_location_map.svg","mapSvgLocationMapUrl":"http://mapsvg.com/maps/geo-calibrated/saudi-arabia.svg","flagUrl":"https://restcountries.eu/data/sau.svg","lat":25,"lng":45,"population":32248200,"area":2149690,"topLevelDomain":".sa","currencyCode":"SAR","currencyNameEnglish":"Saudi riyal","currencySymbol":"ر.س"},{"alpha2Code":"RS","alpha3Code":"SRB","namePolish":"Serbia","nameEnglish":"Serbia","nameNative":"Србија","wikiDetailsUrl":"https://pl.wikipedia.org/wiki/Serbia","capitalPolish":"Belgrad","capitalEnglish":"Belgrade","capitalDetailsUrl":"https://pl.wikipedia.org/wiki/Belgrad","continentPolish":"Europa","continentEnglish":"Europe","wikiLocationMapUrl":"https://upload.wikimedia.org/wikipedia/commons/8/82/Serbia_adm_location_map.svg","mapSvgLocationMapUrl":"http://mapsvg.com/maps/geo-calibrated/serbia.svg","flagUrl":"https://restcountries.eu/data/srb.svg","lat":44,"lng":21,"population":7076372,"area":88361,"topLevelDomain":".rs","currencyCode":"RSD","currencyNameEnglish":"Serbian dinar","currencySymbol":"дин."},{"alpha2Code":"SG","alpha3Code":"SGP","namePolish":"Singapur","nameEnglish":"Singapore","nameNative":"Singapore","wikiDetailsUrl":"https://pl.wikipedia.org/wiki/Singapur","capitalPolish":"Singapur","capitalEnglish":"Singapore","continentPolish":"Azja","continentEnglish":"Asia","wikiLocationMapUrl":"https://upload.wikimedia.org/wikipedia/commons/b/b7/Singapore_location_map.svg","mapSvgLocationMapUrl":"http://mapsvg.com/maps/geo-calibrated/singapore.svg","flagUrl":"https://restcountries.eu/data/sgp.svg","lat":1.36666666,"lng":103.8,"population":5535000,"area":710,"topLevelDomain":".sg","currencyCode":"BND","currencyNameEnglish":"Brunei dollar","currencySymbol":"$"},{"alpha2Code":"SK","alpha3Code":"SVK","namePolish":"Słowacja","nameEnglish":"Slovakia","nameNative":"Slovensko","wikiDetailsUrl":"https://pl.wikipedia.org/wiki/S%C5%82owacja","capitalPolish":"Bratysława","capitalEnglish":"Bratislava","capitalDetailsUrl":"https://pl.wikipedia.org/wiki/Bratys%C5%82awa","continentPolish":"Europa","continentEnglish":"Europe","wikiLocationMapUrl":"https://upload.wikimedia.org/wikipedia/commons/4/4a/Slovakia_location_map.svg","mapSvgLocationMapUrl":"http://mapsvg.com/maps/geo-calibrated/slovakia.svg","flagUrl":"https://restcountries.eu/data/svk.svg","lat":48.66666666,"lng":19.5,"population":5426252,"area":49037,"topLevelDomain":".sk","currencyCode":"EUR","currencyNameEnglish":"Euro","currencySymbol":"€"},{"alpha2Code":"SI","alpha3Code":"SVN","namePolish":"Słowenia","nameEnglish":"Slovenia","nameNative":"Slovenija","wikiDetailsUrl":"https://pl.wikipedia.org/wiki/S%C5%82owenia","capitalPolish":"Lublana","capitalEnglish":"Ljubljana","capitalDetailsUrl":"https://pl.wikipedia.org/wiki/Lublana","continentPolish":"Europa","continentEnglish":"Europe","wikiLocationMapUrl":"https://upload.wikimedia.org/wikipedia/commons/e/e5/Slovenia_location_map.svg","mapSvgLocationMapUrl":"http://mapsvg.com/maps/geo-calibrated/slovenia.svg","flagUrl":"https://restcountries.eu/data/svn.svg","lat":46.11666666,"lng":14.81666666,"population":2064188,"area":20273,"topLevelDomain":".si","currencyCode":"EUR","currencyNameEnglish":"Euro","currencySymbol":"€"},{"alpha2Code":"ZA","alpha3Code":"ZAF","namePolish":"Południowa Afryka","nameEnglish":"South Africa","nameNative":"South Africa","wikiDetailsUrl":"https://pl.wikipedia.org/wiki/Po%C5%82udniowa_Afryka","capitalPolish":"Pretoria","capitalEnglish":"Pretoria","capitalDetailsUrl":"https://pl.wikipedia.org/wiki/Pretoria","continentPolish":"Afryka","continentEnglish":"Africa","wikiLocationMapUrl":"https://upload.wikimedia.org/wikipedia/commons/d/d4/South_Africa_location_map.svg","mapSvgLocationMapUrl":"http://mapsvg.com/maps/geo-calibrated/south-africa.svg","flagUrl":"https://restcountries.eu/data/zaf.svg","lat":-29,"lng":24,"population":55653654,"area":1221037,"topLevelDomain":".za","currencyCode":"ZAR","currencyNameEnglish":"South African rand","currencySymbol":"R"},{"alpha2Code":"KR","alpha3Code":"KOR","namePolish":"Korea Południowa","nameEnglish":"South Korea","nameNative":"대한민국","wikiDetailsUrl":"https://pl.wikipedia.org/wiki/Korea_Po%C5%82udniowa","capitalPolish":"Seul","capitalEnglish":"Seoul","capitalDetailsUrl":"https://pl.wikipedia.org/wiki/Seul","continentPolish":"Azja","continentEnglish":"Asia","wikiLocationMapUrl":"https://upload.wikimedia.org/wikipedia/commons/b/b2/South_Korea_location_map.svg","mapSvgLocationMapUrl":"http://mapsvg.com/maps/geo-calibrated/south-korea.svg","flagUrl":"https://restcountries.eu/data/kor.svg","lat":37,"lng":127.5,"population":50801405,"area":100210,"topLevelDomain":".kr","currencyCode":"KRW","currencyNameEnglish":"South Korean won","currencySymbol":"₩"},{"alpha2Code":"ES","alpha3Code":"ESP","namePolish":"Hiszpania","nameEnglish":"Spain","nameNative":"España","wikiDetailsUrl":"https://pl.wikipedia.org/wiki/Hiszpania","capitalPolish":"Madryt","capitalEnglish":"Madrid","capitalDetailsUrl":"https://pl.wikipedia.org/wiki/Madryt","continentPolish":"Europa","continentEnglish":"Europe","wikiLocationMapUrl":"https://upload.wikimedia.org/wikipedia/commons/8/88/Spain_location_map.svg","mapSvgLocationMapUrl":"http://mapsvg.com/maps/geo-calibrated/spain.svg","flagUrl":"https://restcountries.eu/data/esp.svg","lat":40,"lng":-4,"population":46438422,"area":505992,"topLevelDomain":".es","currencyCode":"EUR","currencyNameEnglish":"Euro","currencySymbol":"€"},{"alpha2Code":"LK","alpha3Code":"LKA","namePolish":"Sri Lanka","nameEnglish":"Sri Lanka","nameNative":"śrī laṃkāva","wikiDetailsUrl":"https://pl.wikipedia.org/wiki/Sri_Lanka","capitalPolish":"Sri Dźajawardanapura Kotte","capitalEnglish":"Colombo","capitalDetailsUrl":"https://pl.wikipedia.org/wiki/Sri_D%C5%BAajawardanapura_Kotte","continentPolish":"Azja","continentEnglish":"Asia","wikiLocationMapUrl":"https://upload.wikimedia.org/wikipedia/commons/6/6e/Sri_Lanka_location_map.svg","mapSvgLocationMapUrl":"http://mapsvg.com/maps/geo-calibrated/sri-lanka.svg","flagUrl":"https://restcountries.eu/data/lka.svg","lat":7,"lng":81,"population":20966000,"area":65610,"topLevelDomain":".lk","currencyCode":"LKR","currencyNameEnglish":"Sri Lankan rupee","currencySymbol":"Rs"},{"alpha2Code":"SE","alpha3Code":"SWE","namePolish":"Szwecja","nameEnglish":"Sweden","nameNative":"Sverige","wikiDetailsUrl":"https://pl.wikipedia.org/wiki/Szwecja","capitalPolish":"Sztokholm","capitalEnglish":"Stockholm","capitalDetailsUrl":"https://pl.wikipedia.org/wiki/Sztokholm","continentPolish":"Europa","continentEnglish":"Europe","wikiLocationMapUrl":"https://upload.wikimedia.org/wikipedia/commons/d/df/Sweden_location_map.svg","mapSvgLocationMapUrl":"http://mapsvg.com/maps/geo-calibrated/sweden.svg","flagUrl":"https://restcountries.eu/data/swe.svg","lat":62,"lng":15,"population":9894888,"area":450295,"topLevelDomain":".se","currencyCode":"SEK","currencyNameEnglish":"Swedish krona","currencySymbol":"kr"},{"alpha2Code":"CH","alpha3Code":"CHE","namePolish":"Szwajcaria","nameEnglish":"Switzerland","nameNative":"Schweiz","wikiDetailsUrl":"https://pl.wikipedia.org/wiki/Szwajcaria","capitalPolish":"Berno","capitalEnglish":"Bern","capitalDetailsUrl":"https://pl.wikipedia.org/wiki/Berno","continentPolish":"Europa","continentEnglish":"Europe","wikiLocationMapUrl":"https://upload.wikimedia.org/wikipedia/commons/8/83/Switzerland_adm_location_map.svg","mapSvgLocationMapUrl":"http://mapsvg.com/maps/geo-calibrated/switzerland.svg","flagUrl":"https://restcountries.eu/data/che.svg","lat":47,"lng":8,"population":8341600,"area":41284,"topLevelDomain":".ch","currencyCode":"CHF","currencyNameEnglish":"Swiss franc","currencySymbol":"Fr"},{"alpha2Code":"TJ","alpha3Code":"TJK","namePolish":"Tadżykistan","nameEnglish":"Tajikistan","nameNative":"Тоҷикистон","wikiDetailsUrl":"https://pl.wikipedia.org/wiki/Tad%C5%BCykistan","capitalPolish":"Duszanbe","capitalEnglish":"Dushanbe","capitalDetailsUrl":"https://pl.wikipedia.org/wiki/Duszanbe","continentPolish":"Azja","continentEnglish":"Asia","wikiLocationMapUrl":"https://upload.wikimedia.org/wikipedia/commons/e/e2/Tajikistan_location_map.svg","mapSvgLocationMapUrl":"http://mapsvg.com/maps/geo-calibrated/tajikistan.svg","flagUrl":"https://restcountries.eu/data/tjk.svg","lat":39,"lng":71,"population":8593600,"area":143100,"topLevelDomain":".tj","currencyCode":"TJS","currencyNameEnglish":"Tajikistani somoni","currencySymbol":"ЅМ"},{"alpha2Code":"TH","alpha3Code":"THA","namePolish":"Tajlandia","nameEnglish":"Thailand","nameNative":"ประเทศไทย","wikiDetailsUrl":"https://pl.wikipedia.org/wiki/Tajlandia","capitalPolish":"Bangkok","capitalEnglish":"Bangkok","capitalDetailsUrl":"https://pl.wikipedia.org/wiki/Bangkok","continentPolish":"Azja","continentEnglish":"Asia","wikiLocationMapUrl":"https://upload.wikimedia.org/wikipedia/commons/0/03/Thailand_location_map.svg","mapSvgLocationMapUrl":"http://mapsvg.com/maps/geo-calibrated/thailand.svg","flagUrl":"https://restcountries.eu/data/tha.svg","lat":15,"lng":100,"population":65327652,"area":513120,"topLevelDomain":".th","currencyCode":"THB","currencyNameEnglish":"Thai baht","currencySymbol":"฿"},{"alpha2Code":"TR","alpha3Code":"TUR","namePolish":"Turcja","nameEnglish":"Turkey","nameNative":"Türkiye","wikiDetailsUrl":"https://pl.wikipedia.org/wiki/Turcja","capitalPolish":"Ankara","capitalEnglish":"Ankara","capitalDetailsUrl":"https://pl.wikipedia.org/wiki/Ankara","continentPolish":"Azja, Europa","continentEnglish":"Asia","wikiLocationMapUrl":"https://upload.wikimedia.org/wikipedia/commons/5/52/Turkey_location_map.svg","mapSvgLocationMapUrl":"http://mapsvg.com/maps/geo-calibrated/turkey.svg","flagUrl":"https://restcountries.eu/data/tur.svg","lat":39,"lng":35,"population":78741053,"area":783562,"topLevelDomain":".tr","currencyCode":"TRY","currencyNameEnglish":"Turkish lira","currencySymbol":null},{"alpha2Code":"UG","alpha3Code":"UGA","namePolish":"Uganda","nameEnglish":"Uganda","nameNative":"Uganda","wikiDetailsUrl":"https://pl.wikipedia.org/wiki/Uganda","capitalPolish":"Kampala","capitalEnglish":"Kampala","capitalDetailsUrl":"https://pl.wikipedia.org/wiki/Kampala","continentPolish":"Afryka","continentEnglish":"Africa","wikiLocationMapUrl":"https://upload.wikimedia.org/wikipedia/commons/d/dc/Uganda_location_map.svg","mapSvgLocationMapUrl":"http://mapsvg.com/maps/geo-calibrated/uganda.svg","flagUrl":"https://restcountries.eu/data/uga.svg","lat":1,"lng":32,"population":33860700,"area":241550,"topLevelDomain":".ug","currencyCode":"UGX","currencyNameEnglish":"Ugandan shilling","currencySymbol":"Sh"},{"alpha2Code":"UA","alpha3Code":"UKR","namePolish":"Ukraina","nameEnglish":"Ukraine","nameNative":"Україна","wikiDetailsUrl":"https://pl.wikipedia.org/wiki/Ukraina","capitalPolish":"Kijów","capitalEnglish":"Kiev","capitalDetailsUrl":"https://pl.wikipedia.org/wiki/Kij%C3%B3w","continentPolish":"Europa","continentEnglish":"Europe","wikiLocationMapUrl":"https://upload.wikimedia.org/wikipedia/commons/7/78/Ukraine_adm_location_map.svg","mapSvgLocationMapUrl":"http://mapsvg.com/maps/geo-calibrated/ukraine.svg","flagUrl":"https://restcountries.eu/data/ukr.svg","lat":49,"lng":32,"population":42692393,"area":603700,"topLevelDomain":".ua","currencyCode":"UAH","currencyNameEnglish":"Ukrainian hryvnia","currencySymbol":"₴"},{"alpha2Code":"AE","alpha3Code":"ARE","namePolish":"Zjednoczone Emiraty Arabskie","nameEnglish":"United Arab Emirates","nameNative":"دولة الإمارات العربية المتحدة","wikiDetailsUrl":"https://pl.wikipedia.org/wiki/Zjednoczone_Emiraty_Arabskie","capitalPolish":"Abu Zabi","capitalEnglish":"Abu Dhabi","capitalDetailsUrl":"https://pl.wikipedia.org/wiki/Abu_Zabi","continentPolish":"Azja","continentEnglish":"Asia","wikiLocationMapUrl":"https://upload.wikimedia.org/wikipedia/commons/c/cf/United_Arab_Emirates_location_map.svg","mapSvgLocationMapUrl":"http://mapsvg.com/maps/geo-calibrated/united-arab-emirates.svg","flagUrl":"https://restcountries.eu/data/are.svg","lat":24,"lng":54,"population":9856000,"area":83600,"topLevelDomain":".ae","currencyCode":"AED","currencyNameEnglish":"United Arab Emirates dirham","currencySymbol":"د.إ"},{"alpha2Code":"GB","alpha3Code":"GBR","namePolish":"Wielka Brytania","nameEnglish":"United Kingdom","nameNative":"United Kingdom","wikiDetailsUrl":"https://pl.wikipedia.org/wiki/Wielka_Brytania","capitalPolish":"Londyn","capitalEnglish":"London","capitalDetailsUrl":"https://pl.wikipedia.org/wiki/Londyn","continentPolish":"Europa","continentEnglish":"Europe","wikiLocationMapUrl":"https://upload.wikimedia.org/wikipedia/commons/3/3f/United_Kingdom_location_map.svg","mapSvgLocationMapUrl":"http://mapsvg.com/maps/geo-calibrated/united-kingdom.svg","flagUrl":"https://restcountries.eu/data/gbr.svg","lat":54,"lng":-2,"population":65110000,"area":242900,"topLevelDomain":".uk","currencyCode":"GBP","currencyNameEnglish":"British pound","currencySymbol":"£"},{"alpha2Code":"US","alpha3Code":"USA","namePolish":"Stany Zjednoczone","nameEnglish":"United States","nameNative":"United States","wikiDetailsUrl":"https://pl.wikipedia.org/wiki/Stany_Zjednoczone","capitalPolish":"Waszyngton","capitalEnglish":"Washington, D.C.","capitalDetailsUrl":"https://pl.wikipedia.org/wiki/Waszyngton","continentPolish":"Ameryka Północna","continentEnglish":"Americas","wikiLocationMapUrl":"https://upload.wikimedia.org/wikipedia/commons/2/20/Usa_edcp_location_map.svg","mapSvgLocationMapUrl":"http://mapsvg.com/maps/geo-calibrated/usa.svg","flagUrl":"https://restcountries.eu/data/usa.svg","lat":38,"lng":-97,"population":323947000,"area":9629091,"topLevelDomain":".us","currencyCode":"USD","currencyNameEnglish":"United States dollar","currencySymbol":"$"},{"alpha2Code":"UY","alpha3Code":"URY","namePolish":"Urugwaj","nameEnglish":"Uruguay","nameNative":"Uruguay","wikiDetailsUrl":"https://pl.wikipedia.org/wiki/Urugwaj","capitalPolish":"Montevideo","capitalEnglish":"Montevideo","capitalDetailsUrl":"https://pl.wikipedia.org/wiki/Montevideo","continentPolish":"Ameryka Południowa","continentEnglish":"Americas","wikiLocationMapUrl":"https://upload.wikimedia.org/wikipedia/commons/c/c5/Uruguay_location_map.svg","mapSvgLocationMapUrl":"http://mapsvg.com/maps/geo-calibrated/uruguay.svg","flagUrl":"https://restcountries.eu/data/ury.svg","lat":-33,"lng":-56,"population":3480222,"area":181034,"topLevelDomain":".uy","currencyCode":"UYU","currencyNameEnglish":"Uruguayan peso","currencySymbol":"$"},{"alpha2Code":"UZ","alpha3Code":"UZB","namePolish":"Uzbekistan","nameEnglish":"Uzbekistan","nameNative":"O‘zbekiston","wikiDetailsUrl":"https://pl.wikipedia.org/wiki/Uzbekistan","capitalPolish":"Taszkent","capitalEnglish":"Tashkent","capitalDetailsUrl":"https://pl.wikipedia.org/wiki/Taszkent","continentPolish":"Azja","continentEnglish":"Asia","wikiLocationMapUrl":"https://upload.wikimedia.org/wikipedia/commons/b/bd/Uzbekistan_location_map.svg","mapSvgLocationMapUrl":"http://mapsvg.com/maps/geo-calibrated/uzbekistan.svg","flagUrl":"https://restcountries.eu/data/uzb.svg","lat":41,"lng":64,"population":31576400,"area":447400,"topLevelDomain":".uz","currencyCode":"UZS","currencyNameEnglish":"Uzbekistani so'm","currencySymbol":null},{"alpha2Code":"VE","alpha3Code":"VEN","namePolish":"Wenezuela","nameEnglish":"Venezuela","nameNative":"Venezuela","wikiDetailsUrl":"https://pl.wikipedia.org/wiki/Wenezuela","capitalPolish":"Caracas","capitalEnglish":"Caracas","capitalDetailsUrl":"https://pl.wikipedia.org/wiki/Caracas","continentPolish":"Ameryka Południowa","continentEnglish":"Americas","wikiLocationMapUrl":"https://upload.wikimedia.org/wikipedia/commons/7/72/Venezuela_location_map.svg","mapSvgLocationMapUrl":"http://mapsvg.com/maps/geo-calibrated/venezuela.svg","flagUrl":"https://restcountries.eu/data/ven.svg","lat":8,"lng":-66,"population":31028700,"area":916445,"topLevelDomain":".ve","currencyCode":"VEF","currencyNameEnglish":"Venezuelan bolívar","currencySymbol":"Bs F"},{"alpha2Code":"YE","alpha3Code":"YEM","namePolish":"Jemen","nameEnglish":"Yemen","nameNative":"اليَمَن","wikiDetailsUrl":"https://pl.wikipedia.org/wiki/Jemen","capitalPolish":"Sana","capitalEnglish":"Sana'a","capitalDetailsUrl":"https://pl.wikipedia.org/wiki/Sana","continentPolish":"Azja","continentEnglish":"Asia","wikiLocationMapUrl":"https://upload.wikimedia.org/wikipedia/commons/4/41/Yemen_location_map.svg","mapSvgLocationMapUrl":"http://mapsvg.com/maps/geo-calibrated/yemen.svg","flagUrl":"https://restcountries.eu/data/yem.svg","lat":15,"lng":48,"population":27478000,"area":527968,"topLevelDomain":".ye","currencyCode":"YER","currencyNameEnglish":"Yemeni rial","currencySymbol":"﷼"}]